-- phpMyAdmin SQL Dump
-- version 4.7.0
-- https://www.phpmyadmin.net/
--
-- Host: 127.0.0.1
-- Generation Time: 06 Mar 2019 pada 09.09
-- Versi Server: 10.1.25-MariaDB
-- PHP Version: 7.1.7

SET SQL_MODE = "NO_AUTO_VALUE_ON_ZERO";
SET AUTOCOMMIT = 0;
START TRANSACTION;
SET time_zone = "+00:00";


/*!40101 SET @OLD_CHARACTER_SET_CLIENT=@@CHARACTER_SET_CLIENT */;
/*!40101 SET @OLD_CHARACTER_SET_RESULTS=@@CHARACTER_SET_RESULTS */;
/*!40101 SET @OLD_COLLATION_CONNECTION=@@COLLATION_CONNECTION */;
/*!40101 SET NAMES utf8mb4 */;

--
-- Database: `db_ticket`
--

-- --------------------------------------------------------

--
-- Struktur dari tabel `bandara`
--

CREATE TABLE `bandara` (
  `id_bandara` int(11) NOT NULL,
  `nama` varchar(255) NOT NULL,
  `alamat` varchar(255) NOT NULL,
  `kota` varchar(255) NOT NULL
) ENGINE=InnoDB DEFAULT CHARSET=latin1;

--
-- Dumping data untuk tabel `bandara`
--

INSERT INTO `bandara` (`id_bandara`, `nama`, `alamat`, `kota`) VALUES
(1, 'Bandar Udara Internasional Minangkabau', 'Jl. Mr. Sutan M. Rasyid, Padang Pariaman, Sumatera Barat 25585', 'Padang'),
(2, 'Bandar Udara Internasional Kemayoran', 'Jakarta', 'Jakarta'),
(3, 'Bandar Udara Internasional Halim Perdanakusuma', 'a', 'Jakarta'),
(4, 'Bandar Udara Internasional Soekarno-Hatta', 'Tanggerang', 'Tanggerang'),
(5, 'Bandar Udara Internasional Adisutjipto', 'Yogyakarta', 'Yogyakarta'),
(6, 'Bandar Udara Internasional Sultan Syarif Kasim II', 'Pekanbaru', 'Pekanbaru'),
(7, 'Bandar Udara Internasional Ngurah Rai', 'Bali', 'Bali'),
(8, 'Bandar Udara Jalaluddin', 'Gorontalo', 'Gorontalo'),
(9, 'Bandar Udara Internasional Sultan Aji Muhammad Sulaiman', 'Balikpapan', 'Balikpapan'),
(10, 'Bandar Udara Internasional Husein Sastranegara', 'Bandung', 'Bandung');

-- --------------------------------------------------------

--
-- Struktur dari tabel `detail_perubahan_saldo`
--

CREATE TABLE `detail_perubahan_saldo` (
  `id_perubahan_saldo` int(11) NOT NULL,
  `id_pemesanan` int(11) NOT NULL
) ENGINE=InnoDB DEFAULT CHARSET=latin1;

--
-- Dumping data untuk tabel `detail_perubahan_saldo`
--

INSERT INTO `detail_perubahan_saldo` (`id_perubahan_saldo`, `id_pemesanan`) VALUES
(12, 1),
(13, 2),
(14, 3),
(15, 4),
(16, 5),
(17, 6),
(18, 7),
(19, 8),
(20, 9),
(21, 10),
(22, 11),
(23, 12),
(24, 13),
(25, 14),
(26, 15),
(264, 15),
(27, 16),
(28, 17),
(29, 18),
(30, 19),
(31, 20),
(270, 20),
(32, 21),
(33, 22),
(34, 23),
(35, 24),
(36, 25),
(37, 26),
(38, 27),
(39, 28),
(40, 29),
(41, 30),
(42, 31),
(265, 31),
(43, 32),
(44, 33),
(45, 34),
(46, 35),
(47, 36),
(278, 36),
(48, 37),
(49, 38),
(50, 39),
(51, 40),
(52, 41),
(277, 41),
(53, 42),
(54, 43),
(55, 44),
(56, 45),
(57, 46),
(58, 47),
(59, 48),
(60, 49),
(61, 50),
(62, 51),
(63, 52),
(64, 53),
(65, 54),
(66, 55),
(67, 56),
(68, 57),
(69, 58),
(70, 59),
(71, 60),
(72, 61),
(274, 61),
(73, 62),
(74, 63),
(75, 64),
(76, 65),
(77, 66),
(78, 67),
(79, 68),
(80, 69),
(81, 70),
(275, 70),
(82, 71),
(83, 72),
(84, 73),
(85, 74),
(86, 75),
(87, 76),
(88, 77),
(89, 78),
(90, 79),
(91, 80),
(92, 81),
(93, 82),
(94, 83),
(95, 84),
(96, 85),
(97, 86),
(98, 87),
(99, 88),
(100, 89),
(101, 90),
(102, 91),
(276, 91),
(103, 92),
(104, 93),
(105, 94),
(106, 95),
(107, 96),
(108, 97),
(109, 98),
(110, 99),
(111, 100),
(112, 101),
(113, 102),
(114, 103),
(115, 104),
(116, 105),
(117, 106),
(118, 107),
(119, 108),
(120, 109),
(121, 110),
(122, 111),
(123, 112),
(124, 113),
(267, 113),
(125, 114),
(126, 115),
(127, 116),
(128, 117),
(129, 118),
(130, 119),
(131, 120),
(132, 121),
(133, 122),
(134, 123),
(135, 124),
(136, 125),
(137, 126),
(138, 127),
(139, 128),
(140, 129),
(141, 130),
(142, 131),
(263, 131),
(143, 132),
(144, 133),
(145, 134),
(271, 134),
(146, 135),
(268, 135),
(147, 136),
(148, 137),
(149, 138),
(150, 139),
(151, 140),
(152, 141),
(153, 142),
(154, 143),
(155, 144),
(156, 145),
(157, 146),
(158, 147),
(159, 148),
(160, 149),
(161, 150),
(162, 151),
(163, 152),
(164, 153),
(165, 154),
(166, 155),
(281, 155),
(167, 156),
(168, 157),
(169, 158),
(170, 159),
(171, 160),
(172, 161),
(173, 162),
(174, 163),
(175, 164),
(176, 165),
(177, 166),
(178, 167),
(179, 168),
(180, 169),
(181, 170),
(182, 171),
(183, 172),
(184, 173),
(185, 174),
(186, 175),
(187, 176),
(188, 177),
(189, 178),
(190, 179),
(191, 180),
(192, 181),
(193, 182),
(194, 183),
(195, 184),
(196, 185),
(197, 186),
(198, 187),
(199, 188),
(200, 189),
(201, 190),
(202, 191),
(269, 191),
(203, 192),
(204, 193),
(205, 194),
(262, 194),
(206, 195),
(207, 196),
(208, 197),
(209, 198),
(210, 199),
(211, 200),
(212, 201),
(213, 202),
(214, 203),
(215, 204),
(216, 205),
(217, 206),
(218, 207),
(219, 208),
(220, 209),
(221, 210),
(222, 211),
(223, 212),
(224, 213),
(225, 214),
(226, 215),
(227, 216),
(228, 217),
(229, 218),
(230, 219),
(231, 220),
(232, 221),
(233, 222),
(234, 223),
(235, 224),
(236, 225),
(237, 226),
(238, 227),
(266, 227),
(239, 228),
(240, 229),
(279, 229),
(241, 230),
(242, 231),
(273, 231),
(243, 232),
(244, 233),
(272, 233),
(245, 234),
(246, 235),
(247, 236),
(248, 237),
(249, 238),
(250, 239),
(251, 240),
(252, 241),
(253, 242),
(254, 243),
(255, 244),
(256, 245),
(257, 246),
(258, 247),
(259, 248),
(260, 249),
(280, 249),
(261, 250),
(288, 251),
(289, 252),
(290, 253),
(291, 254),
(292, 255),
(293, 256),
(294, 257),
(295, 258),
(296, 259),
(297, 260),
(298, 261),
(299, 262),
(300, 263),
(301, 264),
(302, 265),
(303, 266),
(304, 267),
(305, 268),
(306, 269),
(307, 270),
(308, 271),
(309, 272),
(310, 273),
(311, 274),
(312, 275),
(313, 276),
(314, 277),
(548, 277),
(315, 278),
(316, 279),
(317, 280),
(318, 281),
(319, 282),
(540, 282),
(320, 283),
(321, 284),
(322, 285),
(323, 286),
(324, 287),
(325, 288),
(326, 289),
(327, 290),
(328, 291),
(329, 292),
(330, 293),
(331, 294),
(555, 294),
(332, 295),
(333, 296),
(334, 297),
(335, 298),
(336, 299),
(538, 299),
(337, 300),
(338, 301),
(542, 301),
(339, 302),
(340, 303),
(341, 304),
(342, 305),
(343, 306),
(344, 307),
(345, 308),
(346, 309),
(347, 310),
(348, 311),
(543, 311),
(349, 312),
(350, 313),
(351, 314),
(352, 315),
(353, 316),
(354, 317),
(355, 318),
(356, 319),
(357, 320),
(549, 320),
(358, 321),
(359, 322),
(360, 323),
(361, 324),
(362, 325),
(363, 326),
(364, 327),
(365, 328),
(366, 329),
(367, 330),
(368, 331),
(369, 332),
(370, 333),
(557, 333),
(371, 334),
(372, 335),
(373, 336),
(374, 337),
(375, 338),
(546, 338),
(376, 339),
(377, 340),
(545, 340),
(378, 341),
(379, 342),
(380, 343),
(381, 344),
(382, 345),
(383, 346),
(384, 347),
(385, 348),
(386, 349),
(387, 350),
(388, 351),
(389, 352),
(390, 353),
(391, 354),
(392, 355),
(393, 356),
(541, 356),
(394, 357),
(395, 358),
(396, 359),
(397, 360),
(398, 361),
(556, 361),
(399, 362),
(400, 363),
(401, 364),
(402, 365),
(403, 366),
(404, 367),
(405, 368),
(406, 369),
(407, 370),
(408, 371),
(409, 372),
(410, 373),
(411, 374),
(412, 375),
(413, 376),
(414, 377),
(415, 378),
(416, 379),
(417, 380),
(418, 381),
(419, 382),
(420, 383),
(421, 384),
(422, 385),
(423, 386),
(424, 387),
(544, 387),
(425, 388),
(551, 388),
(426, 389),
(553, 389),
(427, 390),
(428, 391),
(429, 392),
(430, 393),
(431, 394),
(432, 395),
(433, 396),
(434, 397),
(435, 398),
(436, 399),
(437, 400),
(438, 401),
(439, 402),
(440, 403),
(441, 404),
(442, 405),
(443, 406),
(444, 407),
(445, 408),
(446, 409),
(447, 410),
(448, 411),
(449, 412),
(450, 413),
(451, 414),
(452, 415),
(453, 416),
(454, 417),
(550, 417),
(455, 418),
(456, 419),
(457, 420),
(458, 421),
(459, 422),
(460, 423),
(461, 424),
(462, 425),
(463, 426),
(464, 427),
(465, 428),
(466, 429),
(467, 430),
(468, 431),
(469, 432),
(470, 433),
(471, 434),
(472, 435),
(473, 436),
(474, 437),
(475, 438),
(476, 439),
(477, 440),
(478, 441),
(479, 442),
(480, 443),
(481, 444),
(482, 445),
(483, 446),
(484, 447),
(485, 448),
(486, 449),
(487, 450),
(488, 451),
(489, 452),
(490, 453),
(491, 454),
(492, 455),
(493, 456),
(494, 457),
(554, 457),
(495, 458),
(496, 459),
(497, 460),
(498, 461),
(499, 462),
(500, 463),
(501, 464),
(502, 465),
(503, 466),
(504, 467),
(505, 468),
(506, 469),
(507, 470),
(552, 470),
(508, 471),
(509, 472),
(510, 473),
(511, 474),
(512, 475),
(513, 476),
(514, 477),
(515, 478),
(516, 479),
(517, 480),
(539, 480),
(518, 481),
(519, 482),
(520, 483),
(521, 484),
(522, 485),
(523, 486),
(524, 487),
(525, 488),
(526, 489),
(527, 490),
(528, 491),
(529, 492),
(530, 493),
(531, 494),
(532, 495),
(547, 495),
(533, 496),
(534, 497),
(535, 498),
(536, 499),
(537, 500),
(564, 501),
(565, 502),
(566, 503),
(832, 503),
(567, 504),
(568, 505),
(569, 506),
(570, 507),
(571, 508),
(572, 509),
(573, 510),
(574, 511),
(575, 512),
(576, 513),
(577, 514),
(578, 515),
(579, 516),
(580, 517),
(581, 518),
(582, 519),
(583, 520),
(822, 520),
(584, 521),
(585, 522),
(586, 523),
(587, 524),
(588, 525),
(821, 525),
(589, 526),
(590, 527),
(591, 528),
(592, 529),
(815, 529),
(593, 530),
(594, 531),
(595, 532),
(596, 533),
(597, 534),
(598, 535),
(599, 536),
(600, 537),
(601, 538),
(602, 539),
(603, 540),
(604, 541),
(605, 542),
(606, 543),
(607, 544),
(608, 545),
(609, 546),
(610, 547),
(611, 548),
(612, 549),
(613, 550),
(614, 551),
(615, 552),
(616, 553),
(617, 554),
(618, 555),
(619, 556),
(620, 557),
(621, 558),
(622, 559),
(623, 560),
(624, 561),
(625, 562),
(818, 562),
(626, 563),
(627, 564),
(628, 565),
(629, 566),
(630, 567),
(631, 568),
(632, 569),
(633, 570),
(634, 571),
(635, 572),
(636, 573),
(637, 574),
(638, 575),
(639, 576),
(640, 577),
(641, 578),
(642, 579),
(643, 580),
(644, 581),
(645, 582),
(646, 583),
(647, 584),
(648, 585),
(649, 586),
(823, 586),
(650, 587),
(651, 588),
(652, 589),
(653, 590),
(654, 591),
(655, 592),
(656, 593),
(657, 594),
(658, 595),
(659, 596),
(660, 597),
(661, 598),
(662, 599),
(833, 599),
(663, 600),
(664, 601),
(665, 602),
(666, 603),
(667, 604),
(668, 605),
(669, 606),
(670, 607),
(671, 608),
(672, 609),
(673, 610),
(814, 610),
(674, 611),
(675, 612),
(676, 613),
(677, 614),
(678, 615),
(679, 616),
(680, 617),
(681, 618),
(682, 619),
(683, 620),
(684, 621),
(685, 622),
(686, 623),
(687, 624),
(817, 624),
(688, 625),
(689, 626),
(690, 627),
(691, 628),
(692, 629),
(693, 630),
(694, 631),
(695, 632),
(696, 633),
(697, 634),
(698, 635),
(699, 636),
(700, 637),
(701, 638),
(702, 639),
(703, 640),
(704, 641),
(705, 642),
(706, 643),
(707, 644),
(708, 645),
(709, 646),
(710, 647),
(711, 648),
(712, 649),
(713, 650),
(714, 651),
(715, 652),
(716, 653),
(717, 654),
(718, 655),
(830, 655),
(719, 656),
(720, 657),
(819, 657),
(721, 658),
(722, 659),
(723, 660),
(724, 661),
(725, 662),
(726, 663),
(727, 664),
(728, 665),
(729, 666),
(730, 667),
(731, 668),
(732, 669),
(733, 670),
(816, 670),
(734, 671),
(735, 672),
(736, 673),
(737, 674),
(738, 675),
(739, 676),
(740, 677),
(741, 678),
(742, 679),
(743, 680),
(744, 681),
(745, 682),
(746, 683),
(747, 684),
(748, 685),
(749, 686),
(750, 687),
(827, 687),
(751, 688),
(752, 689),
(753, 690),
(824, 690),
(754, 691),
(755, 692),
(756, 693),
(757, 694),
(758, 695),
(759, 696),
(760, 697),
(761, 698),
(762, 699),
(763, 700),
(764, 701),
(765, 702),
(766, 703),
(767, 704),
(768, 705),
(769, 706),
(770, 707),
(820, 707),
(771, 708),
(829, 708),
(772, 709),
(831, 709),
(773, 710),
(774, 711),
(775, 712),
(776, 713),
(777, 714),
(778, 715),
(779, 716),
(780, 717),
(781, 718),
(782, 719),
(783, 720),
(784, 721),
(785, 722),
(786, 723),
(787, 724),
(788, 725),
(789, 726),
(790, 727),
(791, 728),
(792, 729),
(793, 730),
(794, 731),
(795, 732),
(796, 733),
(797, 734),
(798, 735),
(799, 736),
(800, 737),
(825, 737),
(801, 738),
(802, 739),
(803, 740),
(804, 741),
(805, 742),
(806, 743),
(807, 744),
(808, 745),
(826, 745),
(809, 746),
(828, 746),
(810, 747),
(811, 748),
(812, 749),
(813, 750),
(840, 751),
(841, 752),
(842, 753),
(843, 754),
(844, 755),
(845, 756),
(1092, 756),
(846, 757),
(847, 758),
(848, 759),
(849, 760),
(850, 761),
(1104, 761),
(851, 762),
(852, 763),
(853, 764),
(854, 765),
(855, 766),
(856, 767),
(857, 768),
(858, 769),
(859, 770),
(860, 771),
(861, 772),
(862, 773),
(863, 774),
(864, 775),
(865, 776),
(866, 777),
(867, 778),
(868, 779),
(869, 780),
(870, 781),
(871, 782),
(872, 783),
(1093, 783),
(873, 784),
(874, 785),
(875, 786),
(876, 787),
(877, 788),
(878, 789),
(879, 790),
(880, 791),
(1094, 791),
(881, 792),
(882, 793),
(883, 794),
(884, 795),
(885, 796),
(886, 797),
(1103, 797),
(887, 798),
(888, 799),
(889, 800),
(890, 801),
(891, 802),
(892, 803),
(1095, 803),
(893, 804),
(894, 805),
(895, 806),
(896, 807),
(897, 808),
(898, 809),
(899, 810),
(900, 811),
(901, 812),
(902, 813),
(903, 814),
(904, 815),
(905, 816),
(1096, 816),
(906, 817),
(907, 818),
(908, 819),
(1109, 819),
(909, 820),
(1107, 820),
(910, 821),
(911, 822),
(912, 823),
(1101, 823),
(913, 824),
(914, 825),
(915, 826),
(916, 827),
(917, 828),
(918, 829),
(919, 830),
(920, 831),
(1091, 831),
(921, 832),
(922, 833),
(923, 834),
(1100, 834),
(924, 835),
(925, 836),
(926, 837),
(1102, 837),
(927, 838),
(928, 839),
(929, 840),
(930, 841),
(931, 842),
(932, 843),
(933, 844),
(934, 845),
(935, 846),
(936, 847),
(937, 848),
(938, 849),
(939, 850),
(940, 851),
(941, 852),
(942, 853),
(943, 854),
(944, 855),
(945, 856),
(946, 857),
(947, 858),
(948, 859),
(949, 860),
(950, 861),
(951, 862),
(952, 863),
(953, 864),
(954, 865),
(955, 866),
(956, 867),
(957, 868),
(1106, 868),
(958, 869),
(959, 870),
(960, 871),
(961, 872),
(962, 873),
(963, 874),
(964, 875),
(965, 876),
(1108, 876),
(966, 877),
(967, 878),
(968, 879),
(969, 880),
(970, 881),
(971, 882),
(972, 883),
(973, 884),
(974, 885),
(975, 886),
(976, 887),
(977, 888),
(978, 889),
(979, 890),
(1090, 890),
(980, 891),
(981, 892),
(982, 893),
(983, 894),
(984, 895),
(985, 896),
(986, 897),
(987, 898),
(988, 899),
(989, 900),
(990, 901),
(991, 902),
(992, 903),
(1099, 903),
(993, 904),
(994, 905),
(995, 906),
(996, 907),
(997, 908),
(998, 909),
(999, 910),
(1000, 911),
(1001, 912),
(1002, 913),
(1003, 914),
(1004, 915),
(1005, 916),
(1006, 917),
(1007, 918),
(1008, 919),
(1009, 920),
(1010, 921),
(1011, 922),
(1012, 923),
(1013, 924),
(1014, 925),
(1098, 925),
(1015, 926),
(1016, 927),
(1017, 928),
(1018, 929),
(1019, 930),
(1020, 931),
(1021, 932),
(1022, 933),
(1023, 934),
(1024, 935),
(1025, 936),
(1026, 937),
(1027, 938),
(1028, 939),
(1029, 940),
(1030, 941),
(1031, 942),
(1032, 943),
(1033, 944),
(1034, 945),
(1035, 946),
(1036, 947),
(1037, 948),
(1038, 949),
(1039, 950),
(1040, 951),
(1041, 952),
(1105, 952),
(1042, 953),
(1043, 954),
(1044, 955),
(1045, 956),
(1046, 957),
(1047, 958),
(1048, 959),
(1049, 960),
(1050, 961),
(1051, 962),
(1052, 963),
(1053, 964),
(1054, 965),
(1055, 966),
(1056, 967),
(1057, 968),
(1058, 969),
(1059, 970),
(1060, 971),
(1097, 971),
(1061, 972),
(1062, 973),
(1063, 974),
(1064, 975),
(1065, 976),
(1066, 977),
(1067, 978),
(1068, 979),
(1069, 980),
(1070, 981),
(1071, 982),
(1072, 983),
(1073, 984),
(1074, 985),
(1075, 986),
(1076, 987),
(1077, 988),
(1078, 989),
(1079, 990),
(1080, 991),
(1081, 992),
(1082, 993),
(1083, 994),
(1084, 995),
(1085, 996),
(1086, 997),
(1087, 998),
(1088, 999),
(1089, 1000);

-- --------------------------------------------------------

--
-- Struktur dari tabel `jenis_perubahan_saldo`
--

CREATE TABLE `jenis_perubahan_saldo` (
  `id_status` int(11) NOT NULL,
  `keterangan` varchar(255) NOT NULL
) ENGINE=InnoDB DEFAULT CHARSET=latin1;

--
-- Dumping data untuk tabel `jenis_perubahan_saldo`
--

INSERT INTO `jenis_perubahan_saldo` (`id_status`, `keterangan`) VALUES
(1, 'Pemesanan'),
(2, 'Pembatalan Pesanan'),
(3, 'Top Up Saldo');

-- --------------------------------------------------------

--
-- Struktur dari tabel `log_perubahan_saldo`
--

CREATE TABLE `log_perubahan_saldo` (
  `id_perubahan_saldo` int(11) NOT NULL,
  `tanggal` timestamp NOT NULL DEFAULT CURRENT_TIMESTAMP,
  `jumlah` int(11) NOT NULL,
  `id_status` int(11) NOT NULL,
  `id_maskapai` int(11) NOT NULL,
  `id_user` int(11) NOT NULL
) ENGINE=InnoDB DEFAULT CHARSET=latin1;

--
-- Dumping data untuk tabel `log_perubahan_saldo`
--

INSERT INTO `log_perubahan_saldo` (`id_perubahan_saldo`, `tanggal`, `jumlah`, `id_status`, `id_maskapai`, `id_user`) VALUES
(1, '2017-02-18 17:00:00', 50000000, 3, 1, 1),
(2, '2017-02-18 17:00:00', 50000000, 3, 2, 1),
(8, '2017-02-18 17:00:00', 50000000, 3, 3, 1),
(9, '2017-02-18 17:00:00', 50000000, 3, 4, 1),
(10, '2017-02-18 17:00:00', 50000000, 3, 5, 1),
(11, '2017-02-18 17:00:00', 50000000, 3, 6, 1),
(12, '2017-04-30 17:00:00', 677303, 1, 1, 1),
(13, '2017-05-07 17:00:00', 711570, 1, 2, 1),
(14, '2017-03-04 17:00:00', 678887, 1, 6, 1),
(15, '2017-03-17 17:00:00', 737002, 1, 5, 1),
(16, '2017-05-16 17:00:00', 647202, 1, 4, 1),
(17, '2017-03-20 17:00:00', 723850, 1, 1, 1),
(18, '2017-04-16 17:00:00', 748520, 1, 6, 1),
(19, '2017-03-02 17:00:00', 732170, 1, 3, 1),
(20, '2017-03-17 17:00:00', 748231, 1, 3, 1),
(21, '2017-02-22 17:00:00', 773874, 1, 6, 1),
(22, '2017-03-29 17:00:00', 641503, 1, 4, 1),
(23, '2017-05-12 17:00:00', 721282, 1, 4, 1),
(24, '2017-05-13 17:00:00', 738162, 1, 4, 1),
(25, '2017-04-29 17:00:00', 722441, 1, 4, 1),
(26, '2017-03-11 17:00:00', 792168, 1, 6, 1),
(27, '2017-04-02 17:00:00', 673793, 1, 5, 1),
(28, '2017-03-27 17:00:00', 642802, 1, 6, 1),
(29, '2017-03-17 17:00:00', 615334, 1, 4, 1),
(30, '2017-05-15 17:00:00', 743357, 1, 2, 1),
(31, '2017-02-20 17:00:00', 643163, 1, 5, 1),
(32, '2017-03-10 17:00:00', 729557, 1, 6, 1),
(33, '2017-03-19 17:00:00', 667231, 1, 4, 1),
(34, '2017-04-10 17:00:00', 741946, 1, 4, 1),
(35, '2017-05-09 17:00:00', 707370, 1, 5, 1),
(36, '2017-04-08 17:00:00', 656923, 1, 4, 1),
(37, '2017-04-01 17:00:00', 601980, 1, 4, 1),
(38, '2017-04-15 17:00:00', 641663, 1, 4, 1),
(39, '2017-05-13 17:00:00', 729785, 1, 2, 1),
(40, '2017-04-24 17:00:00', 602755, 1, 2, 1),
(41, '2017-03-05 17:00:00', 767162, 1, 5, 1),
(42, '2017-04-07 17:00:00', 769009, 1, 3, 1),
(43, '2017-03-17 17:00:00', 692105, 1, 6, 1),
(44, '2017-03-11 17:00:00', 720127, 1, 4, 1),
(45, '2017-03-15 17:00:00', 688664, 1, 6, 1),
(46, '2017-03-11 17:00:00', 726225, 1, 2, 1),
(47, '2017-04-03 17:00:00', 796593, 1, 2, 1),
(48, '2017-04-25 17:00:00', 637009, 1, 3, 1),
(49, '2017-04-19 17:00:00', 677568, 1, 3, 1),
(50, '2017-04-09 17:00:00', 692372, 1, 4, 1),
(51, '2017-03-27 17:00:00', 786438, 1, 6, 1),
(52, '2017-04-02 17:00:00', 797650, 1, 3, 1),
(53, '2017-02-28 17:00:00', 699695, 1, 2, 1),
(54, '2017-04-11 17:00:00', 677408, 1, 6, 1),
(55, '2017-03-24 17:00:00', 715100, 1, 3, 1),
(56, '2017-03-14 17:00:00', 727122, 1, 2, 1),
(57, '2017-05-15 17:00:00', 787277, 1, 4, 1),
(58, '2017-04-07 17:00:00', 725863, 1, 1, 1),
(59, '2017-04-30 17:00:00', 753256, 1, 1, 1),
(60, '2017-04-25 17:00:00', 740746, 1, 5, 1),
(61, '2017-02-24 17:00:00', 658642, 1, 2, 1),
(62, '2017-03-06 17:00:00', 739975, 1, 2, 1),
(63, '2017-05-04 17:00:00', 721492, 1, 3, 1),
(64, '2017-02-20 17:00:00', 777452, 1, 4, 1),
(65, '2017-03-26 17:00:00', 788532, 1, 3, 1),
(66, '2017-03-27 17:00:00', 640782, 1, 1, 1),
(67, '2017-02-18 17:00:00', 719680, 1, 2, 1),
(68, '2017-03-11 17:00:00', 705490, 1, 2, 1),
(69, '2017-05-11 17:00:00', 732188, 1, 5, 1),
(70, '2017-04-03 17:00:00', 787260, 1, 1, 1),
(71, '2017-05-12 17:00:00', 732846, 1, 4, 1),
(72, '2017-03-13 17:00:00', 795860, 1, 1, 1),
(73, '2017-04-25 17:00:00', 766345, 1, 6, 1),
(74, '2017-02-22 17:00:00', 600325, 1, 1, 1),
(75, '2017-03-15 17:00:00', 691418, 1, 5, 1),
(76, '2017-03-04 17:00:00', 600016, 1, 3, 1),
(77, '2017-03-01 17:00:00', 734213, 1, 1, 1),
(78, '2017-04-21 17:00:00', 620607, 1, 5, 1),
(79, '2017-03-02 17:00:00', 655967, 1, 1, 1),
(80, '2017-04-14 17:00:00', 761668, 1, 5, 1),
(81, '2017-02-23 17:00:00', 731551, 1, 2, 1),
(82, '2017-05-05 17:00:00', 760179, 1, 1, 1),
(83, '2017-03-07 17:00:00', 665861, 1, 1, 1),
(84, '2017-03-30 17:00:00', 683828, 1, 3, 1),
(85, '2017-03-24 17:00:00', 605081, 1, 1, 1),
(86, '2017-04-13 17:00:00', 655278, 1, 5, 1),
(87, '2017-03-08 17:00:00', 715521, 1, 1, 1),
(88, '2017-05-04 17:00:00', 716324, 1, 2, 1),
(89, '2017-03-27 17:00:00', 722088, 1, 5, 1),
(90, '2017-05-12 17:00:00', 768622, 1, 5, 1),
(91, '2017-03-03 17:00:00', 741311, 1, 1, 1),
(92, '2017-03-29 17:00:00', 656576, 1, 5, 1),
(93, '2017-03-10 17:00:00', 628728, 1, 1, 1),
(94, '2017-03-05 17:00:00', 697804, 1, 6, 1),
(95, '2017-02-27 17:00:00', 610695, 1, 5, 1),
(96, '2017-04-21 17:00:00', 624249, 1, 1, 1),
(97, '2017-03-23 17:00:00', 672465, 1, 4, 1),
(98, '2017-02-18 17:00:00', 615593, 1, 6, 1),
(99, '2017-03-30 17:00:00', 628876, 1, 4, 1),
(100, '2017-03-06 17:00:00', 638449, 1, 5, 1),
(101, '2017-05-04 17:00:00', 629205, 1, 4, 1),
(102, '2017-04-18 17:00:00', 753789, 1, 6, 1),
(103, '2017-05-03 17:00:00', 666383, 1, 2, 1),
(104, '2017-03-15 17:00:00', 669535, 1, 6, 1),
(105, '2017-05-03 17:00:00', 654102, 1, 5, 1),
(106, '2017-05-12 17:00:00', 672918, 1, 1, 1),
(107, '2017-04-27 17:00:00', 702560, 1, 4, 1),
(108, '2017-03-09 17:00:00', 715130, 1, 1, 1),
(109, '2017-02-24 17:00:00', 601329, 1, 1, 1),
(110, '2017-05-03 17:00:00', 774802, 1, 3, 1),
(111, '2017-02-20 17:00:00', 726730, 1, 2, 1),
(112, '2017-03-22 17:00:00', 725953, 1, 1, 1),
(113, '2017-05-14 17:00:00', 656048, 1, 3, 1),
(114, '2017-02-20 17:00:00', 741746, 1, 1, 1),
(115, '2017-05-12 17:00:00', 720882, 1, 4, 1),
(116, '2017-03-22 17:00:00', 690848, 1, 6, 1),
(117, '2017-04-28 17:00:00', 610284, 1, 4, 1),
(118, '2017-05-01 17:00:00', 721730, 1, 3, 1),
(119, '2017-03-25 17:00:00', 622950, 1, 5, 1),
(120, '2017-02-19 17:00:00', 737637, 1, 4, 1),
(121, '2017-03-05 17:00:00', 609255, 1, 6, 1),
(122, '2017-05-02 17:00:00', 712699, 1, 3, 1),
(123, '2017-03-24 17:00:00', 788277, 1, 6, 1),
(124, '2017-03-16 17:00:00', 773228, 1, 3, 1),
(125, '2017-04-23 17:00:00', 628370, 1, 4, 1),
(126, '2017-04-04 17:00:00', 671779, 1, 3, 1),
(127, '2017-05-06 17:00:00', 682572, 1, 2, 1),
(128, '2017-02-22 17:00:00', 653230, 1, 4, 1),
(129, '2017-02-18 17:00:00', 790093, 1, 4, 1),
(130, '2017-03-18 17:00:00', 784459, 1, 6, 1),
(131, '2017-04-01 17:00:00', 621286, 1, 5, 1),
(132, '2017-04-16 17:00:00', 685546, 1, 2, 1),
(133, '2017-04-17 17:00:00', 723831, 1, 1, 1),
(134, '2017-03-07 17:00:00', 673917, 1, 3, 1),
(135, '2017-05-17 17:00:00', 627350, 1, 6, 1),
(136, '2017-03-11 17:00:00', 680740, 1, 2, 1),
(137, '2017-05-11 17:00:00', 680694, 1, 2, 1),
(138, '2017-05-04 17:00:00', 796004, 1, 3, 1),
(139, '2017-05-09 17:00:00', 694062, 1, 4, 1),
(140, '2017-05-15 17:00:00', 722460, 1, 5, 1),
(141, '2017-04-28 17:00:00', 706234, 1, 6, 1),
(142, '2017-05-07 17:00:00', 616657, 1, 5, 1),
(143, '2017-03-07 17:00:00', 664826, 1, 6, 1),
(144, '2017-04-11 17:00:00', 624918, 1, 6, 1),
(145, '2017-02-18 17:00:00', 776776, 1, 2, 1),
(146, '2017-03-17 17:00:00', 777842, 1, 1, 1),
(147, '2017-03-16 17:00:00', 624231, 1, 1, 1),
(148, '2017-02-22 17:00:00', 623864, 1, 4, 1),
(149, '2017-03-30 17:00:00', 604186, 1, 4, 1),
(150, '2017-05-12 17:00:00', 634278, 1, 5, 1),
(151, '2017-04-04 17:00:00', 605260, 1, 4, 1),
(152, '2017-03-02 17:00:00', 774824, 1, 6, 1),
(153, '2017-04-08 17:00:00', 626175, 1, 4, 1),
(154, '2017-05-01 17:00:00', 772827, 1, 3, 1),
(155, '2017-03-21 17:00:00', 741093, 1, 1, 1),
(156, '2017-03-13 17:00:00', 626813, 1, 1, 1),
(157, '2017-03-25 17:00:00', 717536, 1, 5, 1),
(158, '2017-03-15 17:00:00', 670973, 1, 6, 1),
(159, '2017-03-26 17:00:00', 759556, 1, 2, 1),
(160, '2017-03-18 17:00:00', 610061, 1, 1, 1),
(161, '2017-04-07 17:00:00', 797002, 1, 5, 1),
(162, '2017-04-18 17:00:00', 793387, 1, 6, 1),
(163, '2017-03-15 17:00:00', 768303, 1, 2, 1),
(164, '2017-03-05 17:00:00', 789451, 1, 6, 1),
(165, '2017-03-05 17:00:00', 664806, 1, 4, 1),
(166, '2017-05-11 17:00:00', 625197, 1, 1, 1),
(167, '2017-04-27 17:00:00', 688775, 1, 4, 1),
(168, '2017-04-03 17:00:00', 607577, 1, 1, 1),
(169, '2017-03-01 17:00:00', 609699, 1, 1, 1),
(170, '2017-05-01 17:00:00', 722436, 1, 4, 1),
(171, '2017-03-18 17:00:00', 717482, 1, 3, 1),
(172, '2017-03-12 17:00:00', 701334, 1, 1, 1),
(173, '2017-04-28 17:00:00', 781794, 1, 2, 1),
(174, '2017-03-02 17:00:00', 687335, 1, 1, 1),
(175, '2017-03-12 17:00:00', 661367, 1, 6, 1),
(176, '2017-03-31 17:00:00', 760458, 1, 3, 1),
(177, '2017-05-04 17:00:00', 717600, 1, 5, 1),
(178, '2017-05-16 17:00:00', 736469, 1, 2, 1),
(179, '2017-02-20 17:00:00', 647161, 1, 6, 1),
(180, '2017-04-16 17:00:00', 616864, 1, 3, 1),
(181, '2017-04-27 17:00:00', 600222, 1, 1, 1),
(182, '2017-04-24 17:00:00', 685874, 1, 2, 1),
(183, '2017-05-03 17:00:00', 788345, 1, 1, 1),
(184, '2017-03-03 17:00:00', 718922, 1, 1, 1),
(185, '2017-05-01 17:00:00', 780160, 1, 5, 1),
(186, '2017-04-28 17:00:00', 622189, 1, 6, 1),
(187, '2017-04-24 17:00:00', 606121, 1, 3, 1),
(188, '2017-02-22 17:00:00', 606869, 1, 1, 1),
(189, '2017-03-18 17:00:00', 756305, 1, 4, 1),
(190, '2017-05-02 17:00:00', 636411, 1, 5, 1),
(191, '2017-04-29 17:00:00', 782549, 1, 5, 1),
(192, '2017-02-21 17:00:00', 648245, 1, 1, 1),
(193, '2017-03-26 17:00:00', 659128, 1, 6, 1),
(194, '2017-03-09 17:00:00', 614264, 1, 4, 1),
(195, '2017-03-09 17:00:00', 637528, 1, 1, 1),
(196, '2017-04-04 17:00:00', 723110, 1, 5, 1),
(197, '2017-02-18 17:00:00', 641206, 1, 4, 1),
(198, '2017-04-08 17:00:00', 677273, 1, 3, 1),
(199, '2017-05-14 17:00:00', 743043, 1, 1, 1),
(200, '2017-03-07 17:00:00', 660737, 1, 1, 1),
(201, '2017-05-16 17:00:00', 639907, 1, 6, 1),
(202, '2017-03-14 17:00:00', 675269, 1, 3, 1),
(203, '2017-04-26 17:00:00', 691460, 1, 5, 1),
(204, '2017-03-01 17:00:00', 622315, 1, 4, 1),
(205, '2017-04-23 17:00:00', 791328, 1, 1, 1),
(206, '2017-05-07 17:00:00', 714550, 1, 4, 1),
(207, '2017-04-08 17:00:00', 714976, 1, 5, 1),
(208, '2017-03-21 17:00:00', 725101, 1, 2, 1),
(209, '2017-04-27 17:00:00', 726329, 1, 2, 1),
(210, '2017-03-08 17:00:00', 681908, 1, 5, 1),
(211, '2017-04-19 17:00:00', 655705, 1, 4, 1),
(212, '2017-03-23 17:00:00', 618553, 1, 3, 1),
(213, '2017-02-25 17:00:00', 778914, 1, 4, 1),
(214, '2017-03-03 17:00:00', 763749, 1, 4, 1),
(215, '2017-05-08 17:00:00', 795762, 1, 3, 1),
(216, '2017-02-22 17:00:00', 606307, 1, 3, 1),
(217, '2017-05-15 17:00:00', 623119, 1, 2, 1),
(218, '2017-03-11 17:00:00', 704456, 1, 4, 1),
(219, '2017-04-17 17:00:00', 622906, 1, 6, 1),
(220, '2017-04-12 17:00:00', 767893, 1, 4, 1),
(221, '2017-04-23 17:00:00', 627090, 1, 5, 1),
(222, '2017-03-02 17:00:00', 694585, 1, 3, 1),
(223, '2017-05-17 17:00:00', 777154, 1, 1, 1),
(224, '2017-03-14 17:00:00', 621140, 1, 4, 1),
(225, '2017-03-17 17:00:00', 746405, 1, 3, 1),
(226, '2017-04-14 17:00:00', 694864, 1, 5, 1),
(227, '2017-03-30 17:00:00', 710332, 1, 4, 1),
(228, '2017-04-14 17:00:00', 652120, 1, 5, 1),
(229, '2017-03-19 17:00:00', 793244, 1, 5, 1),
(230, '2017-05-07 17:00:00', 649232, 1, 5, 1),
(231, '2017-04-12 17:00:00', 622680, 1, 2, 1),
(232, '2017-05-09 17:00:00', 745169, 1, 5, 1),
(233, '2017-04-14 17:00:00', 671455, 1, 1, 1),
(234, '2017-02-24 17:00:00', 762353, 1, 2, 1),
(235, '2017-03-26 17:00:00', 675836, 1, 4, 1),
(236, '2017-05-15 17:00:00', 793688, 1, 1, 1),
(237, '2017-02-25 17:00:00', 621304, 1, 5, 1),
(238, '2017-04-15 17:00:00', 764258, 1, 4, 1),
(239, '2017-03-26 17:00:00', 732092, 1, 3, 1),
(240, '2017-02-25 17:00:00', 657415, 1, 1, 1),
(241, '2017-04-10 17:00:00', 674445, 1, 6, 1),
(242, '2017-04-21 17:00:00', 617669, 1, 1, 1),
(243, '2017-02-27 17:00:00', 749333, 1, 2, 1),
(244, '2017-03-24 17:00:00', 644762, 1, 6, 1),
(245, '2017-03-02 17:00:00', 733820, 1, 3, 1),
(246, '2017-02-28 17:00:00', 651946, 1, 2, 1),
(247, '2017-04-21 17:00:00', 649158, 1, 4, 1),
(248, '2017-04-15 17:00:00', 667956, 1, 2, 1),
(249, '2017-02-23 17:00:00', 649712, 1, 5, 1),
(250, '2017-04-26 17:00:00', 761293, 1, 2, 1),
(251, '2017-05-13 17:00:00', 766878, 1, 2, 1),
(252, '2017-04-15 17:00:00', 752560, 1, 6, 1),
(253, '2017-03-18 17:00:00', 769087, 1, 1, 1),
(254, '2017-03-18 17:00:00', 649844, 1, 6, 1),
(255, '2017-03-29 17:00:00', 697543, 1, 5, 1),
(256, '2017-05-14 17:00:00', 760721, 1, 2, 1),
(257, '2017-03-03 17:00:00', 788449, 1, 6, 1),
(258, '2017-03-25 17:00:00', 696884, 1, 6, 1),
(259, '2017-04-23 17:00:00', 650062, 1, 5, 1),
(260, '2017-04-18 17:00:00', 753973, 1, 4, 1),
(261, '2017-05-04 17:00:00', 646019, 1, 2, 1),
(262, '2017-05-27 17:00:00', 397581, 2, 1, 1),
(263, '2017-06-03 17:00:00', 387593, 2, 5, 1),
(264, '2017-05-24 17:00:00', 348489, 2, 6, 1),
(265, '2017-05-23 17:00:00', 396947, 2, 3, 1),
(266, '2017-05-31 17:00:00', 386669, 2, 4, 1),
(267, '2017-05-25 17:00:00', 399783, 2, 3, 1),
(268, '2017-05-18 17:00:00', 385111, 2, 1, 1),
(269, '2017-05-26 17:00:00', 351843, 2, 3, 1),
(270, '2017-06-01 17:00:00', 312103, 2, 5, 1),
(271, '2017-05-21 17:00:00', 330253, 2, 2, 1),
(272, '2017-06-11 17:00:00', 350103, 2, 6, 1),
(273, '2017-05-29 17:00:00', 373742, 2, 1, 1),
(274, '2017-05-18 17:00:00', 392442, 2, 1, 1),
(275, '2017-06-06 17:00:00', 380691, 2, 2, 1),
(276, '2017-05-22 17:00:00', 392437, 2, 6, 1),
(277, '2017-06-10 17:00:00', 328581, 2, 3, 1),
(278, '2017-05-19 17:00:00', 336127, 2, 2, 1),
(279, '2017-05-29 17:00:00', 376185, 2, 1, 1),
(280, '2017-06-09 17:00:00', 336396, 2, 4, 1),
(281, '2017-05-20 17:00:00', 312647, 2, 1, 1),
(282, '2017-06-13 17:00:00', 20000000, 3, 1, 1),
(283, '2017-06-13 17:00:00', 20000000, 3, 2, 1),
(284, '2017-06-13 17:00:00', 20000000, 3, 3, 1),
(285, '2017-06-13 17:00:00', 20000000, 3, 4, 1),
(286, '2017-06-13 17:00:00', 20000000, 3, 5, 1),
(287, '2017-06-13 17:00:00', 20000000, 3, 6, 1),
(288, '2017-06-20 17:00:00', 633458, 1, 5, 1),
(289, '2017-06-05 17:00:00', 640000, 1, 6, 1),
(290, '2017-06-10 17:00:00', 621448, 1, 3, 1),
(291, '2017-06-19 17:00:00', 750230, 1, 3, 1),
(292, '2017-05-31 17:00:00', 637076, 1, 3, 1),
(293, '2017-05-19 17:00:00', 795104, 1, 1, 1),
(294, '2017-08-11 17:00:00', 703807, 1, 2, 1),
(295, '2017-06-09 17:00:00', 796602, 1, 1, 1),
(296, '2017-05-28 17:00:00', 739771, 1, 3, 1),
(297, '2017-05-21 17:00:00', 704488, 1, 4, 1),
(298, '2017-05-23 17:00:00', 722301, 1, 1, 1),
(299, '2017-06-23 17:00:00', 729646, 1, 3, 1),
(300, '2017-06-03 17:00:00', 704987, 1, 4, 1),
(301, '2017-05-24 17:00:00', 683476, 1, 3, 1),
(302, '2017-08-02 17:00:00', 749218, 1, 3, 1),
(303, '2017-06-15 17:00:00', 605609, 1, 2, 1),
(304, '2017-08-08 17:00:00', 675686, 1, 5, 1),
(305, '2017-07-01 17:00:00', 604326, 1, 2, 1),
(306, '2017-07-08 17:00:00', 700128, 1, 2, 1),
(307, '2017-05-24 17:00:00', 652952, 1, 1, 1),
(308, '2017-08-15 17:00:00', 786900, 1, 2, 1),
(309, '2017-08-10 17:00:00', 732218, 1, 4, 1),
(310, '2017-05-23 17:00:00', 615551, 1, 6, 1),
(311, '2017-06-20 17:00:00', 685849, 1, 6, 1),
(312, '2017-06-03 17:00:00', 604953, 1, 5, 1),
(313, '2017-06-18 17:00:00', 617156, 1, 4, 1),
(314, '2017-07-07 17:00:00', 665763, 1, 3, 1),
(315, '2017-07-14 17:00:00', 624951, 1, 2, 1),
(316, '2017-06-11 17:00:00', 604928, 1, 1, 1),
(317, '2017-08-03 17:00:00', 643721, 1, 6, 1),
(318, '2017-06-24 17:00:00', 679288, 1, 3, 1),
(319, '2017-07-07 17:00:00', 690604, 1, 1, 1),
(320, '2017-07-08 17:00:00', 603494, 1, 1, 1),
(321, '2017-08-14 17:00:00', 643230, 1, 2, 1),
(322, '2017-07-18 17:00:00', 641554, 1, 6, 1),
(323, '2017-08-11 17:00:00', 696247, 1, 6, 1),
(324, '2017-08-09 17:00:00', 790569, 1, 4, 1),
(325, '2017-06-24 17:00:00', 600702, 1, 2, 1),
(326, '2017-08-02 17:00:00', 735446, 1, 5, 1),
(327, '2017-06-28 17:00:00', 629502, 1, 2, 1),
(328, '2017-06-28 17:00:00', 718681, 1, 6, 1),
(329, '2017-07-16 17:00:00', 770442, 1, 6, 1),
(330, '2017-06-21 17:00:00', 720506, 1, 1, 1),
(331, '2017-05-28 17:00:00', 706831, 1, 1, 1),
(332, '2017-07-04 17:00:00', 725976, 1, 3, 1),
(333, '2017-06-07 17:00:00', 772607, 1, 3, 1),
(334, '2017-07-22 17:00:00', 725623, 1, 4, 1),
(335, '2017-07-03 17:00:00', 757752, 1, 2, 1),
(336, '2017-08-16 17:00:00', 656530, 1, 3, 1),
(337, '2017-06-21 17:00:00', 780196, 1, 1, 1),
(338, '2017-05-31 17:00:00', 705660, 1, 6, 1),
(339, '2017-06-08 17:00:00', 788286, 1, 4, 1),
(340, '2017-07-12 17:00:00', 622883, 1, 4, 1),
(341, '2017-06-28 17:00:00', 685338, 1, 3, 1),
(342, '2017-07-14 17:00:00', 601592, 1, 3, 1),
(343, '2017-06-27 17:00:00', 625875, 1, 4, 1),
(344, '2017-06-15 17:00:00', 605066, 1, 2, 1),
(345, '2017-06-09 17:00:00', 722558, 1, 6, 1),
(346, '2017-07-25 17:00:00', 686265, 1, 6, 1),
(347, '2017-06-09 17:00:00', 775191, 1, 6, 1),
(348, '2017-07-31 17:00:00', 613313, 1, 4, 1),
(349, '2017-07-22 17:00:00', 751935, 1, 3, 1),
(350, '2017-06-26 17:00:00', 639499, 1, 2, 1),
(351, '2017-08-02 17:00:00', 723683, 1, 3, 1),
(352, '2017-06-25 17:00:00', 721389, 1, 6, 1),
(353, '2017-07-01 17:00:00', 696095, 1, 3, 1),
(354, '2017-06-25 17:00:00', 602709, 1, 1, 1),
(355, '2017-08-06 17:00:00', 698677, 1, 6, 1),
(356, '2017-06-27 17:00:00', 732702, 1, 5, 1),
(357, '2017-07-17 17:00:00', 704732, 1, 5, 1),
(358, '2017-08-16 17:00:00', 770756, 1, 4, 1),
(359, '2017-08-04 17:00:00', 719000, 1, 4, 1),
(360, '2017-06-13 17:00:00', 608700, 1, 3, 1),
(361, '2017-08-02 17:00:00', 634471, 1, 1, 1),
(362, '2017-06-26 17:00:00', 687069, 1, 5, 1),
(363, '2017-07-08 17:00:00', 680566, 1, 4, 1),
(364, '2017-06-13 17:00:00', 772576, 1, 3, 1),
(365, '2017-07-11 17:00:00', 620132, 1, 2, 1),
(366, '2017-06-22 17:00:00', 609145, 1, 3, 1),
(367, '2017-06-10 17:00:00', 722063, 1, 1, 1),
(368, '2017-06-10 17:00:00', 715723, 1, 3, 1),
(369, '2017-08-13 17:00:00', 775779, 1, 5, 1),
(370, '2017-07-11 17:00:00', 629525, 1, 1, 1),
(371, '2017-06-08 17:00:00', 717815, 1, 4, 1),
(372, '2017-06-28 17:00:00', 726329, 1, 2, 1),
(373, '2017-08-15 17:00:00', 799895, 1, 6, 1),
(374, '2017-06-01 17:00:00', 796976, 1, 2, 1),
(375, '2017-08-06 17:00:00', 770021, 1, 6, 1),
(376, '2017-07-22 17:00:00', 762324, 1, 6, 1),
(377, '2017-07-04 17:00:00', 706259, 1, 6, 1),
(378, '2017-06-25 17:00:00', 622078, 1, 4, 1),
(379, '2017-06-19 17:00:00', 657368, 1, 3, 1),
(380, '2017-06-01 17:00:00', 674504, 1, 4, 1),
(381, '2017-06-02 17:00:00', 653441, 1, 3, 1),
(382, '2017-07-30 17:00:00', 661319, 1, 6, 1),
(383, '2017-05-21 17:00:00', 672244, 1, 6, 1),
(384, '2017-08-07 17:00:00', 608440, 1, 3, 1),
(385, '2017-07-11 17:00:00', 776259, 1, 1, 1),
(386, '2017-06-10 17:00:00', 702916, 1, 6, 1),
(387, '2017-06-08 17:00:00', 778781, 1, 4, 1),
(388, '2017-07-15 17:00:00', 770397, 1, 2, 1),
(389, '2017-07-01 17:00:00', 660542, 1, 1, 1),
(390, '2017-06-10 17:00:00', 772786, 1, 3, 1),
(391, '2017-08-03 17:00:00', 715327, 1, 5, 1),
(392, '2017-06-04 17:00:00', 799413, 1, 6, 1),
(393, '2017-06-29 17:00:00', 782125, 1, 1, 1),
(394, '2017-08-04 17:00:00', 765596, 1, 6, 1),
(395, '2017-06-27 17:00:00', 614511, 1, 5, 1),
(396, '2017-07-09 17:00:00', 695555, 1, 1, 1),
(397, '2017-07-24 17:00:00', 730415, 1, 3, 1),
(398, '2017-07-24 17:00:00', 618796, 1, 5, 1),
(399, '2017-07-12 17:00:00', 654892, 1, 6, 1),
(400, '2017-05-27 17:00:00', 774540, 1, 5, 1),
(401, '2017-07-31 17:00:00', 637216, 1, 4, 1),
(402, '2017-06-08 17:00:00', 625206, 1, 3, 1),
(403, '2017-07-21 17:00:00', 718258, 1, 3, 1),
(404, '2017-07-27 17:00:00', 637754, 1, 4, 1),
(405, '2017-08-07 17:00:00', 682016, 1, 4, 1),
(406, '2017-07-26 17:00:00', 636444, 1, 1, 1),
(407, '2017-07-31 17:00:00', 775814, 1, 1, 1),
(408, '2017-08-13 17:00:00', 713539, 1, 3, 1),
(409, '2017-07-15 17:00:00', 683193, 1, 5, 1),
(410, '2017-06-03 17:00:00', 725810, 1, 2, 1),
(411, '2017-07-14 17:00:00', 722852, 1, 5, 1),
(412, '2017-08-15 17:00:00', 773679, 1, 6, 1),
(413, '2017-07-05 17:00:00', 762737, 1, 4, 1),
(414, '2017-07-21 17:00:00', 773414, 1, 3, 1),
(415, '2017-06-05 17:00:00', 747315, 1, 3, 1),
(416, '2017-05-22 17:00:00', 695478, 1, 4, 1),
(417, '2017-06-30 17:00:00', 776040, 1, 3, 1),
(418, '2017-06-23 17:00:00', 725014, 1, 5, 1),
(419, '2017-08-04 17:00:00', 664876, 1, 2, 1),
(420, '2017-07-30 17:00:00', 697978, 1, 2, 1),
(421, '2017-08-02 17:00:00', 719111, 1, 1, 1),
(422, '2017-08-06 17:00:00', 666616, 1, 1, 1),
(423, '2017-08-01 17:00:00', 646161, 1, 4, 1),
(424, '2017-05-24 17:00:00', 791803, 1, 2, 1),
(425, '2017-07-04 17:00:00', 627124, 1, 2, 1),
(426, '2017-08-04 17:00:00', 678086, 1, 2, 1),
(427, '2017-07-09 17:00:00', 722587, 1, 3, 1),
(428, '2017-08-01 17:00:00', 623726, 1, 3, 1),
(429, '2017-06-07 17:00:00', 641910, 1, 3, 1),
(430, '2017-06-12 17:00:00', 702543, 1, 6, 1),
(431, '2017-07-26 17:00:00', 693008, 1, 6, 1),
(432, '2017-07-28 17:00:00', 762659, 1, 6, 1),
(433, '2017-06-24 17:00:00', 723123, 1, 5, 1),
(434, '2017-07-18 17:00:00', 618170, 1, 6, 1),
(435, '2017-05-24 17:00:00', 698757, 1, 4, 1),
(436, '2017-08-05 17:00:00', 717907, 1, 1, 1),
(437, '2017-06-08 17:00:00', 648951, 1, 2, 1),
(438, '2017-07-06 17:00:00', 681778, 1, 5, 1),
(439, '2017-06-17 17:00:00', 643119, 1, 6, 1),
(440, '2017-06-30 17:00:00', 777245, 1, 5, 1),
(441, '2017-05-27 17:00:00', 788286, 1, 5, 1),
(442, '2017-08-10 17:00:00', 650061, 1, 3, 1),
(443, '2017-08-01 17:00:00', 774066, 1, 5, 1),
(444, '2017-06-07 17:00:00', 673005, 1, 6, 1),
(445, '2017-08-07 17:00:00', 600142, 1, 6, 1),
(446, '2017-06-23 17:00:00', 689594, 1, 3, 1),
(447, '2017-05-24 17:00:00', 616981, 1, 2, 1),
(448, '2017-06-12 17:00:00', 702872, 1, 4, 1),
(449, '2017-07-15 17:00:00', 626051, 1, 4, 1),
(450, '2017-05-18 17:00:00', 783951, 1, 1, 1),
(451, '2017-06-28 17:00:00', 766242, 1, 5, 1),
(452, '2017-06-10 17:00:00', 778886, 1, 4, 1),
(453, '2017-08-05 17:00:00', 776515, 1, 4, 1),
(454, '2017-08-15 17:00:00', 687724, 1, 5, 1),
(455, '2017-07-18 17:00:00', 680755, 1, 1, 1),
(456, '2017-08-10 17:00:00', 668308, 1, 2, 1),
(457, '2017-08-02 17:00:00', 734086, 1, 4, 1),
(458, '2017-07-04 17:00:00', 602786, 1, 3, 1),
(459, '2017-06-19 17:00:00', 626318, 1, 1, 1),
(460, '2017-08-09 17:00:00', 768577, 1, 3, 1),
(461, '2017-05-27 17:00:00', 708673, 1, 5, 1),
(462, '2017-08-14 17:00:00', 714590, 1, 1, 1),
(463, '2017-06-19 17:00:00', 751359, 1, 2, 1),
(464, '2017-07-15 17:00:00', 658443, 1, 2, 1),
(465, '2017-07-10 17:00:00', 680544, 1, 6, 1),
(466, '2017-06-22 17:00:00', 666548, 1, 4, 1),
(467, '2017-06-18 17:00:00', 635085, 1, 2, 1),
(468, '2017-06-20 17:00:00', 606525, 1, 2, 1),
(469, '2017-07-11 17:00:00', 630732, 1, 4, 1),
(470, '2017-05-18 17:00:00', 772665, 1, 2, 1),
(471, '2017-07-26 17:00:00', 746721, 1, 3, 1),
(472, '2017-07-11 17:00:00', 608655, 1, 5, 1),
(473, '2017-06-21 17:00:00', 646530, 1, 3, 1),
(474, '2017-07-27 17:00:00', 615917, 1, 3, 1),
(475, '2017-06-24 17:00:00', 706819, 1, 3, 1),
(476, '2017-08-01 17:00:00', 688705, 1, 3, 1),
(477, '2017-07-13 17:00:00', 606530, 1, 2, 1),
(478, '2017-07-22 17:00:00', 634048, 1, 1, 1),
(479, '2017-06-01 17:00:00', 708891, 1, 3, 1),
(480, '2017-08-13 17:00:00', 795911, 1, 6, 1),
(481, '2017-06-06 17:00:00', 608467, 1, 1, 1),
(482, '2017-07-16 17:00:00', 729846, 1, 4, 1),
(483, '2017-06-10 17:00:00', 667061, 1, 2, 1),
(484, '2017-08-07 17:00:00', 665203, 1, 1, 1),
(485, '2017-07-06 17:00:00', 603123, 1, 6, 1),
(486, '2017-06-08 17:00:00', 687712, 1, 4, 1),
(487, '2017-07-27 17:00:00', 680512, 1, 3, 1),
(488, '2017-06-06 17:00:00', 627536, 1, 5, 1),
(489, '2017-07-16 17:00:00', 722384, 1, 1, 1),
(490, '2017-08-03 17:00:00', 680763, 1, 6, 1),
(491, '2017-08-07 17:00:00', 789327, 1, 2, 1),
(492, '2017-07-10 17:00:00', 758599, 1, 6, 1),
(493, '2017-05-24 17:00:00', 790183, 1, 3, 1),
(494, '2017-08-11 17:00:00', 774312, 1, 4, 1),
(495, '2017-07-04 17:00:00', 684227, 1, 4, 1),
(496, '2017-08-16 17:00:00', 634725, 1, 2, 1),
(497, '2017-06-24 17:00:00', 673853, 1, 4, 1),
(498, '2017-07-18 17:00:00', 623148, 1, 1, 1),
(499, '2017-06-08 17:00:00', 620488, 1, 6, 1),
(500, '2017-08-04 17:00:00', 722337, 1, 2, 1),
(501, '2017-05-26 17:00:00', 664851, 1, 5, 1),
(502, '2017-08-01 17:00:00', 712049, 1, 1, 1),
(503, '2017-06-03 17:00:00', 609613, 1, 1, 1),
(504, '2017-07-16 17:00:00', 634867, 1, 2, 1),
(505, '2017-06-13 17:00:00', 662986, 1, 6, 1),
(506, '2017-07-23 17:00:00', 651152, 1, 4, 1),
(507, '2017-06-22 17:00:00', 794674, 1, 3, 1),
(508, '2017-07-30 17:00:00', 691066, 1, 3, 1),
(509, '2017-08-07 17:00:00', 786061, 1, 1, 1),
(510, '2017-08-04 17:00:00', 608540, 1, 3, 1),
(511, '2017-06-27 17:00:00', 793032, 1, 3, 1),
(512, '2017-08-05 17:00:00', 773831, 1, 6, 1),
(513, '2017-06-20 17:00:00', 676954, 1, 4, 1),
(514, '2017-07-24 17:00:00', 616234, 1, 5, 1),
(515, '2017-06-25 17:00:00', 710678, 1, 3, 1),
(516, '2017-06-21 17:00:00', 659248, 1, 5, 1),
(517, '2017-05-24 17:00:00', 712241, 1, 3, 1),
(518, '2017-08-13 17:00:00', 701538, 1, 4, 1),
(519, '2017-06-25 17:00:00', 709552, 1, 3, 1),
(520, '2017-07-11 17:00:00', 628546, 1, 6, 1),
(521, '2017-07-31 17:00:00', 700987, 1, 2, 1),
(522, '2017-07-23 17:00:00', 628743, 1, 3, 1),
(523, '2017-08-14 17:00:00', 691555, 1, 2, 1),
(524, '2017-07-05 17:00:00', 715078, 1, 6, 1),
(525, '2017-05-29 17:00:00', 790186, 1, 4, 1),
(526, '2017-08-03 17:00:00', 664360, 1, 6, 1),
(527, '2017-08-13 17:00:00', 606859, 1, 4, 1),
(528, '2017-08-03 17:00:00', 705158, 1, 5, 1),
(529, '2017-08-16 17:00:00', 628390, 1, 2, 1),
(530, '2017-07-03 17:00:00', 784824, 1, 1, 1),
(531, '2017-07-03 17:00:00', 600553, 1, 6, 1),
(532, '2017-08-17 17:00:00', 618265, 1, 6, 1),
(533, '2017-07-25 17:00:00', 757257, 1, 3, 1),
(534, '2017-07-25 17:00:00', 727230, 1, 5, 1),
(535, '2017-07-25 17:00:00', 674103, 1, 6, 1),
(536, '2017-07-08 17:00:00', 625442, 1, 5, 1),
(537, '2017-08-10 17:00:00', 660447, 1, 4, 1),
(538, '2017-09-16 17:00:00', 344685, 2, 3, 1),
(539, '2017-08-21 17:00:00', 338066, 2, 3, 1),
(540, '2017-09-11 17:00:00', 323743, 2, 1, 1),
(541, '2017-09-11 17:00:00', 316419, 2, 1, 1),
(542, '2017-09-05 17:00:00', 382892, 2, 6, 1),
(543, '2017-09-09 17:00:00', 349471, 2, 4, 1),
(544, '2017-08-31 17:00:00', 378641, 2, 2, 1),
(545, '2017-08-19 17:00:00', 398557, 2, 6, 1),
(546, '2017-08-31 17:00:00', 394667, 2, 6, 1),
(547, '2017-08-24 17:00:00', 389834, 2, 6, 1),
(548, '2017-09-08 17:00:00', 351485, 2, 3, 1),
(549, '2017-08-26 17:00:00', 335551, 2, 5, 1),
(550, '2017-09-10 17:00:00', 329499, 2, 5, 1),
(551, '2017-08-25 17:00:00', 364160, 2, 2, 1),
(552, '2017-08-29 17:00:00', 353634, 2, 3, 1),
(553, '2017-09-03 17:00:00', 384030, 2, 2, 1),
(554, '2017-08-22 17:00:00', 376247, 2, 4, 1),
(555, '2017-08-24 17:00:00', 378549, 2, 1, 1),
(556, '2017-08-29 17:00:00', 367148, 2, 5, 1),
(557, '2017-08-20 17:00:00', 343572, 2, 1, 1),
(558, '2017-09-18 17:00:00', 30000000, 3, 1, 1),
(559, '2017-09-18 17:00:00', 30000000, 3, 2, 1),
(560, '2017-09-18 17:00:00', 30000000, 3, 3, 1),
(561, '2017-09-18 17:00:00', 30000000, 3, 4, 1),
(562, '2017-09-18 17:00:00', 30000000, 3, 5, 1),
(563, '2017-09-18 17:00:00', 30000000, 3, 6, 1),
(564, '2017-10-22 17:00:00', 771288, 1, 3, 1),
(565, '2017-08-19 17:00:00', 713730, 1, 3, 1),
(566, '2017-08-30 17:00:00', 753933, 1, 6, 1),
(567, '2017-10-22 17:00:00', 691940, 1, 6, 1),
(568, '2017-11-14 17:00:00', 788981, 1, 3, 1),
(569, '2017-10-14 17:00:00', 647025, 1, 6, 1),
(570, '2017-10-09 17:00:00', 731573, 1, 1, 1),
(571, '2017-08-30 17:00:00', 604124, 1, 6, 1),
(572, '2017-08-19 17:00:00', 633439, 1, 1, 1),
(573, '2017-09-04 17:00:00', 751047, 1, 1, 1),
(574, '2017-09-08 17:00:00', 737908, 1, 2, 1),
(575, '2017-09-08 17:00:00', 717425, 1, 1, 1),
(576, '2017-09-06 17:00:00', 683561, 1, 4, 1),
(577, '2017-09-18 17:00:00', 732679, 1, 5, 1),
(578, '2017-08-22 17:00:00', 723722, 1, 1, 1),
(579, '2017-09-18 17:00:00', 680203, 1, 3, 1),
(580, '2017-11-09 17:00:00', 624259, 1, 5, 1),
(581, '2017-09-06 17:00:00', 625703, 1, 3, 1),
(582, '2017-11-12 17:00:00', 632717, 1, 6, 1),
(583, '2017-10-02 17:00:00', 659583, 1, 6, 1),
(584, '2017-10-06 17:00:00', 622537, 1, 6, 1),
(585, '2017-09-19 17:00:00', 693257, 1, 5, 1),
(586, '2017-08-25 17:00:00', 604513, 1, 2, 1),
(587, '2017-10-25 17:00:00', 666000, 1, 5, 1),
(588, '2017-11-15 17:00:00', 659534, 1, 6, 1),
(589, '2017-09-20 17:00:00', 746999, 1, 2, 1),
(590, '2017-11-02 17:00:00', 695420, 1, 2, 1),
(591, '2017-08-27 17:00:00', 741812, 1, 1, 1),
(592, '2017-10-16 17:00:00', 625101, 1, 5, 1),
(593, '2017-08-30 17:00:00', 610157, 1, 2, 1),
(594, '2017-09-29 17:00:00', 795979, 1, 3, 1),
(595, '2017-10-23 17:00:00', 606591, 1, 4, 1),
(596, '2017-09-29 17:00:00', 639280, 1, 3, 1),
(597, '2017-10-24 17:00:00', 607328, 1, 1, 1),
(598, '2017-09-13 17:00:00', 783044, 1, 6, 1),
(599, '2017-10-23 17:00:00', 707504, 1, 3, 1),
(600, '2017-10-25 17:00:00', 796889, 1, 3, 1),
(601, '2017-10-04 17:00:00', 721876, 1, 1, 1),
(602, '2017-10-17 17:00:00', 652894, 1, 5, 1),
(603, '2017-10-08 17:00:00', 659069, 1, 5, 1),
(604, '2017-09-23 17:00:00', 782952, 1, 1, 1),
(605, '2017-10-22 17:00:00', 680511, 1, 1, 1),
(606, '2017-10-27 17:00:00', 616905, 1, 1, 1),
(607, '2017-10-05 17:00:00', 734909, 1, 1, 1),
(608, '2017-10-22 17:00:00', 730765, 1, 4, 1),
(609, '2017-09-24 17:00:00', 698323, 1, 2, 1),
(610, '2017-10-17 17:00:00', 639341, 1, 5, 1),
(611, '2017-09-17 17:00:00', 649752, 1, 5, 1),
(612, '2017-10-07 17:00:00', 623808, 1, 2, 1),
(613, '2017-10-14 17:00:00', 787040, 1, 1, 1),
(614, '2017-09-01 17:00:00', 773978, 1, 2, 1),
(615, '2017-11-11 17:00:00', 698986, 1, 5, 1),
(616, '2017-08-28 17:00:00', 772817, 1, 4, 1),
(617, '2017-10-05 17:00:00', 619544, 1, 5, 1),
(618, '2017-10-21 17:00:00', 789473, 1, 2, 1),
(619, '2017-10-28 17:00:00', 772198, 1, 6, 1),
(620, '2017-10-23 17:00:00', 612331, 1, 6, 1),
(621, '2017-10-12 17:00:00', 697427, 1, 3, 1),
(622, '2017-10-30 17:00:00', 673066, 1, 3, 1),
(623, '2017-10-13 17:00:00', 797585, 1, 4, 1),
(624, '2017-11-10 17:00:00', 650659, 1, 2, 1),
(625, '2017-10-03 17:00:00', 688187, 1, 6, 1),
(626, '2017-10-02 17:00:00', 613583, 1, 4, 1),
(627, '2017-10-21 17:00:00', 659684, 1, 1, 1),
(628, '2017-10-15 17:00:00', 740026, 1, 5, 1),
(629, '2017-11-11 17:00:00', 721068, 1, 3, 1),
(630, '2017-08-21 17:00:00', 652984, 1, 6, 1),
(631, '2017-10-29 17:00:00', 636645, 1, 2, 1),
(632, '2017-09-14 17:00:00', 752106, 1, 1, 1),
(633, '2017-10-25 17:00:00', 710956, 1, 4, 1),
(634, '2017-09-17 17:00:00', 736592, 1, 1, 1),
(635, '2017-11-03 17:00:00', 606387, 1, 4, 1),
(636, '2017-11-08 17:00:00', 727537, 1, 3, 1),
(637, '2017-10-10 17:00:00', 638481, 1, 3, 1),
(638, '2017-09-10 17:00:00', 704166, 1, 6, 1),
(639, '2017-08-31 17:00:00', 640919, 1, 3, 1),
(640, '2017-10-22 17:00:00', 689079, 1, 4, 1),
(641, '2017-10-31 17:00:00', 605571, 1, 5, 1),
(642, '2017-08-26 17:00:00', 614830, 1, 2, 1),
(643, '2017-08-26 17:00:00', 641178, 1, 1, 1),
(644, '2017-10-19 17:00:00', 605839, 1, 6, 1),
(645, '2017-10-23 17:00:00', 656731, 1, 6, 1),
(646, '2017-10-16 17:00:00', 729573, 1, 2, 1),
(647, '2017-09-30 17:00:00', 712395, 1, 4, 1),
(648, '2017-10-14 17:00:00', 729947, 1, 4, 1),
(649, '2017-09-03 17:00:00', 625314, 1, 4, 1),
(650, '2017-10-25 17:00:00', 733469, 1, 6, 1),
(651, '2017-10-10 17:00:00', 631666, 1, 2, 1),
(652, '2017-09-18 17:00:00', 611709, 1, 5, 1),
(653, '2017-09-20 17:00:00', 780531, 1, 5, 1),
(654, '2017-09-17 17:00:00', 718880, 1, 3, 1),
(655, '2017-09-28 17:00:00', 600756, 1, 1, 1),
(656, '2017-11-01 17:00:00', 678391, 1, 3, 1),
(657, '2017-10-24 17:00:00', 638287, 1, 6, 1),
(658, '2017-09-23 17:00:00', 772865, 1, 6, 1),
(659, '2017-09-27 17:00:00', 611442, 1, 1, 1),
(660, '2017-08-19 17:00:00', 747026, 1, 1, 1),
(661, '2017-10-04 17:00:00', 624315, 1, 6, 1),
(662, '2017-10-31 17:00:00', 638225, 1, 4, 1),
(663, '2017-09-20 17:00:00', 604211, 1, 5, 1),
(664, '2017-09-05 17:00:00', 665961, 1, 2, 1),
(665, '2017-10-15 17:00:00', 781716, 1, 3, 1),
(666, '2017-09-29 17:00:00', 695368, 1, 1, 1),
(667, '2017-09-01 17:00:00', 702381, 1, 6, 1),
(668, '2017-10-25 17:00:00', 752403, 1, 1, 1),
(669, '2017-10-17 17:00:00', 676045, 1, 3, 1),
(670, '2017-09-11 17:00:00', 622876, 1, 2, 1),
(671, '2017-10-12 17:00:00', 793555, 1, 1, 1),
(672, '2017-09-11 17:00:00', 766842, 1, 5, 1),
(673, '2017-09-06 17:00:00', 684997, 1, 3, 1),
(674, '2017-11-08 17:00:00', 736190, 1, 3, 1),
(675, '2017-08-28 17:00:00', 637891, 1, 6, 1),
(676, '2017-08-25 17:00:00', 733843, 1, 3, 1),
(677, '2017-08-22 17:00:00', 779466, 1, 4, 1),
(678, '2017-10-04 17:00:00', 652254, 1, 2, 1),
(679, '2017-08-23 17:00:00', 729176, 1, 5, 1),
(680, '2017-09-03 17:00:00', 708444, 1, 3, 1),
(681, '2017-11-17 17:00:00', 662669, 1, 1, 1),
(682, '2017-10-30 17:00:00', 788194, 1, 2, 1),
(683, '2017-10-14 17:00:00', 684145, 1, 3, 1),
(684, '2017-09-22 17:00:00', 747795, 1, 5, 1),
(685, '2017-10-23 17:00:00', 693986, 1, 1, 1),
(686, '2017-11-10 17:00:00', 666433, 1, 5, 1),
(687, '2017-09-24 17:00:00', 691130, 1, 3, 1),
(688, '2017-11-07 17:00:00', 602798, 1, 6, 1),
(689, '2017-09-25 17:00:00', 740858, 1, 4, 1),
(690, '2017-09-29 17:00:00', 740620, 1, 5, 1),
(691, '2017-09-02 17:00:00', 735970, 1, 3, 1),
(692, '2017-09-17 17:00:00', 632078, 1, 5, 1),
(693, '2017-08-25 17:00:00', 699884, 1, 3, 1),
(694, '2017-08-20 17:00:00', 770168, 1, 4, 1),
(695, '2017-10-04 17:00:00', 688427, 1, 1, 1),
(696, '2017-09-12 17:00:00', 601295, 1, 6, 1),
(697, '2017-11-13 17:00:00', 767882, 1, 1, 1),
(698, '2017-10-09 17:00:00', 614838, 1, 6, 1),
(699, '2017-08-24 17:00:00', 759199, 1, 4, 1),
(700, '2017-10-10 17:00:00', 663778, 1, 4, 1),
(701, '2017-10-18 17:00:00', 607524, 1, 5, 1),
(702, '2017-11-16 17:00:00', 604963, 1, 5, 1),
(703, '2017-10-10 17:00:00', 774647, 1, 2, 1),
(704, '2017-09-01 17:00:00', 688161, 1, 2, 1),
(705, '2017-08-23 17:00:00', 654693, 1, 4, 1),
(706, '2017-10-19 17:00:00', 799016, 1, 3, 1),
(707, '2017-09-29 17:00:00', 716451, 1, 6, 1),
(708, '2017-09-24 17:00:00', 613487, 1, 6, 1),
(709, '2017-10-29 17:00:00', 749423, 1, 4, 1),
(710, '2017-08-29 17:00:00', 701125, 1, 6, 1),
(711, '2017-11-03 17:00:00', 769623, 1, 1, 1),
(712, '2017-11-04 17:00:00', 705417, 1, 2, 1),
(713, '2017-08-24 17:00:00', 684962, 1, 2, 1),
(714, '2017-11-06 17:00:00', 725694, 1, 4, 1),
(715, '2017-09-09 17:00:00', 707648, 1, 5, 1),
(716, '2017-10-12 17:00:00', 783057, 1, 1, 1),
(717, '2017-11-13 17:00:00', 654493, 1, 4, 1),
(718, '2017-11-06 17:00:00', 630536, 1, 4, 1),
(719, '2017-10-15 17:00:00', 735624, 1, 6, 1),
(720, '2017-10-27 17:00:00', 636936, 1, 3, 1),
(721, '2017-10-15 17:00:00', 700427, 1, 6, 1),
(722, '2017-09-09 17:00:00', 681492, 1, 4, 1),
(723, '2017-10-28 17:00:00', 657879, 1, 1, 1),
(724, '2017-10-18 17:00:00', 677558, 1, 1, 1),
(725, '2017-10-07 17:00:00', 764275, 1, 3, 1),
(726, '2017-09-13 17:00:00', 666462, 1, 2, 1),
(727, '2017-08-30 17:00:00', 753668, 1, 6, 1),
(728, '2017-11-03 17:00:00', 731198, 1, 3, 1),
(729, '2017-10-09 17:00:00', 616018, 1, 1, 1),
(730, '2017-10-22 17:00:00', 726863, 1, 5, 1),
(731, '2017-10-29 17:00:00', 793488, 1, 6, 1),
(732, '2017-10-06 17:00:00', 711524, 1, 5, 1),
(733, '2017-10-13 17:00:00', 788706, 1, 2, 1),
(734, '2017-09-14 17:00:00', 626396, 1, 3, 1),
(735, '2017-10-28 17:00:00', 776772, 1, 2, 1),
(736, '2017-11-12 17:00:00', 780357, 1, 1, 1),
(737, '2017-11-09 17:00:00', 695220, 1, 6, 1),
(738, '2017-09-13 17:00:00', 718471, 1, 5, 1),
(739, '2017-10-30 17:00:00', 671765, 1, 5, 1),
(740, '2017-09-15 17:00:00', 697077, 1, 5, 1),
(741, '2017-09-16 17:00:00', 628467, 1, 2, 1),
(742, '2017-09-12 17:00:00', 621534, 1, 2, 1),
(743, '2017-10-20 17:00:00', 757357, 1, 4, 1),
(744, '2017-10-22 17:00:00', 644992, 1, 3, 1),
(745, '2017-09-25 17:00:00', 714791, 1, 3, 1),
(746, '2017-11-09 17:00:00', 746034, 1, 6, 1),
(747, '2017-11-05 17:00:00', 743102, 1, 5, 1),
(748, '2017-09-02 17:00:00', 726591, 1, 4, 1),
(749, '2017-09-16 17:00:00', 759664, 1, 5, 1),
(750, '2017-10-23 17:00:00', 629205, 1, 1, 1),
(751, '2017-11-17 17:00:00', 678843, 1, 6, 1),
(752, '2017-10-01 17:00:00', 623756, 1, 2, 1),
(753, '2017-09-19 17:00:00', 701294, 1, 4, 1),
(754, '2017-10-13 17:00:00', 600246, 1, 3, 1),
(755, '2017-10-26 17:00:00', 659482, 1, 2, 1),
(756, '2017-10-01 17:00:00', 650264, 1, 1, 1),
(757, '2017-11-08 17:00:00', 787283, 1, 1, 1),
(758, '2017-10-09 17:00:00', 642841, 1, 5, 1),
(759, '2017-10-02 17:00:00', 673625, 1, 3, 1),
(760, '2017-08-22 17:00:00', 638815, 1, 1, 1),
(761, '2017-08-26 17:00:00', 770609, 1, 5, 1),
(762, '2017-10-18 17:00:00', 615578, 1, 6, 1),
(763, '2017-11-17 17:00:00', 753153, 1, 5, 1),
(764, '2017-09-24 17:00:00', 777678, 1, 4, 1),
(765, '2017-11-09 17:00:00', 698239, 1, 6, 1),
(766, '2017-09-16 17:00:00', 685932, 1, 1, 1),
(767, '2017-10-08 17:00:00', 601311, 1, 5, 1),
(768, '2017-10-08 17:00:00', 723608, 1, 2, 1),
(769, '2017-08-21 17:00:00', 760803, 1, 6, 1),
(770, '2017-08-31 17:00:00', 659912, 1, 5, 1),
(771, '2017-09-28 17:00:00', 612113, 1, 1, 1),
(772, '2017-09-12 17:00:00', 742165, 1, 1, 1),
(773, '2017-09-19 17:00:00', 708622, 1, 1, 1),
(774, '2017-09-07 17:00:00', 705112, 1, 4, 1),
(775, '2017-09-16 17:00:00', 745184, 1, 1, 1),
(776, '2017-09-11 17:00:00', 791117, 1, 4, 1),
(777, '2017-11-12 17:00:00', 798012, 1, 6, 1),
(778, '2017-09-08 17:00:00', 798310, 1, 2, 1),
(779, '2017-08-19 17:00:00', 749100, 1, 2, 1),
(780, '2017-08-21 17:00:00', 673671, 1, 5, 1),
(781, '2017-08-21 17:00:00', 725593, 1, 2, 1),
(782, '2017-10-17 17:00:00', 783524, 1, 3, 1),
(783, '2017-08-26 17:00:00', 650066, 1, 5, 1),
(784, '2017-11-08 17:00:00', 655053, 1, 6, 1),
(785, '2017-10-20 17:00:00', 670233, 1, 5, 1),
(786, '2017-10-16 17:00:00', 640465, 1, 6, 1),
(787, '2017-08-27 17:00:00', 665557, 1, 1, 1),
(788, '2017-09-27 17:00:00', 772245, 1, 2, 1),
(789, '2017-09-20 17:00:00', 704061, 1, 5, 1),
(790, '2017-09-10 17:00:00', 737529, 1, 3, 1),
(791, '2017-09-12 17:00:00', 766628, 1, 3, 1),
(792, '2017-09-20 17:00:00', 798508, 1, 1, 1),
(793, '2017-10-15 17:00:00', 703943, 1, 6, 1),
(794, '2017-11-08 17:00:00', 604009, 1, 1, 1),
(795, '2017-10-17 17:00:00', 606075, 1, 5, 1),
(796, '2017-09-09 17:00:00', 783398, 1, 3, 1),
(797, '2017-11-02 17:00:00', 707494, 1, 4, 1),
(798, '2017-09-20 17:00:00', 732656, 1, 2, 1),
(799, '2017-09-10 17:00:00', 745713, 1, 5, 1),
(800, '2017-11-16 17:00:00', 786965, 1, 6, 1),
(801, '2017-09-24 17:00:00', 748159, 1, 2, 1),
(802, '2017-09-20 17:00:00', 696810, 1, 2, 1),
(803, '2017-10-14 17:00:00', 716875, 1, 6, 1),
(804, '2017-08-31 17:00:00', 781916, 1, 4, 1),
(805, '2017-10-08 17:00:00', 749540, 1, 3, 1),
(806, '2017-10-07 17:00:00', 704436, 1, 2, 1),
(807, '2017-11-08 17:00:00', 787025, 1, 3, 1),
(808, '2017-11-07 17:00:00', 740713, 1, 3, 1),
(809, '2017-11-08 17:00:00', 770521, 1, 6, 1),
(810, '2017-09-29 17:00:00', 692029, 1, 1, 1),
(811, '2017-11-11 17:00:00', 713170, 1, 1, 1),
(812, '2017-08-24 17:00:00', 712418, 1, 3, 1),
(813, '2017-11-15 17:00:00', 794210, 1, 2, 1),
(814, '2017-12-16 17:00:00', 363145, 2, 3, 1),
(815, '2017-11-27 17:00:00', 394689, 2, 5, 1),
(816, '2017-12-04 17:00:00', 355003, 2, 2, 1),
(817, '2017-12-13 17:00:00', 326252, 2, 3, 1),
(818, '2017-11-26 17:00:00', 355690, 2, 6, 1),
(819, '2017-11-23 17:00:00', 374234, 2, 3, 1),
(820, '2017-11-26 17:00:00', 301042, 2, 5, 1),
(821, '2017-11-22 17:00:00', 390759, 2, 6, 1),
(822, '2017-11-26 17:00:00', 350282, 2, 6, 1),
(823, '2017-11-29 17:00:00', 383765, 2, 4, 1),
(824, '2017-12-05 17:00:00', 317777, 2, 4, 1),
(825, '2017-12-05 17:00:00', 331753, 2, 6, 1),
(826, '2017-12-17 17:00:00', 397462, 2, 3, 1),
(827, '2017-12-04 17:00:00', 398417, 2, 1, 1),
(828, '2017-12-16 17:00:00', 326532, 2, 6, 1),
(829, '2017-11-26 17:00:00', 383226, 2, 1, 1),
(830, '2017-12-11 17:00:00', 381997, 2, 4, 1),
(831, '2017-11-23 17:00:00', 364180, 2, 1, 1),
(832, '2017-12-16 17:00:00', 319459, 2, 6, 1),
(833, '2017-11-19 17:00:00', 351983, 2, 4, 1),
(834, '2017-12-18 17:00:00', 30000000, 3, 1, 1),
(835, '2017-12-18 17:00:00', 30000000, 3, 2, 1),
(836, '2017-12-18 17:00:00', 30000000, 3, 3, 1),
(837, '2017-12-18 17:00:00', 30000000, 3, 4, 1),
(838, '2017-12-18 17:00:00', 30000000, 3, 5, 1),
(839, '2017-12-18 17:00:00', 30000000, 3, 6, 1),
(840, '2017-12-21 17:00:00', 789896, 1, 1, 1),
(841, '2018-02-14 17:00:00', 623956, 1, 3, 1),
(842, '2018-02-02 17:00:00', 605387, 1, 1, 1),
(843, '2018-02-09 17:00:00', 682206, 1, 5, 1),
(844, '2017-12-26 17:00:00', 665867, 1, 1, 1),
(845, '2018-02-05 17:00:00', 718005, 1, 4, 1),
(846, '2017-12-10 17:00:00', 642748, 1, 4, 1),
(847, '2017-11-20 17:00:00', 763132, 1, 5, 1),
(848, '2018-01-21 17:00:00', 631530, 1, 2, 1),
(849, '2017-12-01 17:00:00', 728169, 1, 5, 1),
(850, '2017-11-22 17:00:00', 772617, 1, 2, 1),
(851, '2017-11-30 17:00:00', 780144, 1, 4, 1),
(852, '2017-12-29 17:00:00', 670163, 1, 2, 1),
(853, '2017-12-05 17:00:00', 601874, 1, 6, 1),
(854, '2017-12-07 17:00:00', 697527, 1, 3, 1),
(855, '2017-12-21 17:00:00', 729916, 1, 5, 1),
(856, '2017-12-19 17:00:00', 740010, 1, 5, 1),
(857, '2018-01-06 17:00:00', 601475, 1, 2, 1),
(858, '2017-12-27 17:00:00', 679354, 1, 4, 1),
(859, '2017-12-08 17:00:00', 670442, 1, 6, 1),
(860, '2018-01-24 17:00:00', 603074, 1, 1, 1),
(861, '2017-12-22 17:00:00', 650046, 1, 3, 1),
(862, '2018-02-13 17:00:00', 708205, 1, 4, 1),
(863, '2018-01-03 17:00:00', 633439, 1, 3, 1),
(864, '2017-12-13 17:00:00', 629497, 1, 4, 1),
(865, '2017-12-04 17:00:00', 730688, 1, 3, 1),
(866, '2017-12-26 17:00:00', 728637, 1, 3, 1),
(867, '2017-11-21 17:00:00', 750670, 1, 2, 1),
(868, '2017-12-17 17:00:00', 640798, 1, 3, 1),
(869, '2018-01-31 17:00:00', 621296, 1, 3, 1),
(870, '2017-11-27 17:00:00', 614080, 1, 3, 1),
(871, '2018-01-11 17:00:00', 709287, 1, 1, 1),
(872, '2017-12-18 17:00:00', 626918, 1, 2, 1),
(873, '2017-12-14 17:00:00', 786243, 1, 5, 1),
(874, '2018-01-24 17:00:00', 609774, 1, 5, 1),
(875, '2018-01-03 17:00:00', 645385, 1, 5, 1),
(876, '2018-01-22 17:00:00', 620217, 1, 6, 1),
(877, '2018-01-02 17:00:00', 749871, 1, 4, 1),
(878, '2017-12-29 17:00:00', 630448, 1, 2, 1),
(879, '2018-01-29 17:00:00', 728788, 1, 5, 1),
(880, '2017-11-25 17:00:00', 642420, 1, 2, 1),
(881, '2017-12-14 17:00:00', 705924, 1, 2, 1),
(882, '2017-12-01 17:00:00', 768884, 1, 1, 1),
(883, '2018-01-23 17:00:00', 746567, 1, 3, 1),
(884, '2017-12-11 17:00:00', 788886, 1, 4, 1),
(885, '2018-02-02 17:00:00', 638758, 1, 4, 1),
(886, '2017-11-19 17:00:00', 758719, 1, 6, 1),
(887, '2018-02-08 17:00:00', 647833, 1, 4, 1),
(888, '2017-12-03 17:00:00', 671979, 1, 1, 1),
(889, '2017-11-23 17:00:00', 675974, 1, 4, 1),
(890, '2017-12-02 17:00:00', 668680, 1, 6, 1),
(891, '2017-12-04 17:00:00', 639724, 1, 6, 1),
(892, '2018-02-05 17:00:00', 660120, 1, 1, 1),
(893, '2017-12-06 17:00:00', 724806, 1, 4, 1),
(894, '2018-02-15 17:00:00', 600877, 1, 1, 1),
(895, '2017-12-30 17:00:00', 605567, 1, 4, 1),
(896, '2018-01-17 17:00:00', 765883, 1, 6, 1),
(897, '2018-01-04 17:00:00', 666052, 1, 4, 1),
(898, '2018-01-18 17:00:00', 678792, 1, 3, 1),
(899, '2018-01-21 17:00:00', 614427, 1, 2, 1),
(900, '2017-12-01 17:00:00', 738290, 1, 4, 1),
(901, '2018-01-08 17:00:00', 607124, 1, 6, 1),
(902, '2018-01-11 17:00:00', 687489, 1, 3, 1),
(903, '2017-12-18 17:00:00', 760510, 1, 3, 1),
(904, '2018-01-21 17:00:00', 760788, 1, 4, 1),
(905, '2018-01-21 17:00:00', 649549, 1, 2, 1),
(906, '2018-01-31 17:00:00', 637991, 1, 3, 1),
(907, '2017-12-16 17:00:00', 605841, 1, 6, 1),
(908, '2018-02-11 17:00:00', 780896, 1, 4, 1),
(909, '2017-12-28 17:00:00', 751473, 1, 1, 1),
(910, '2017-12-07 17:00:00', 632777, 1, 3, 1),
(911, '2018-01-10 17:00:00', 663615, 1, 3, 1),
(912, '2017-12-11 17:00:00', 661696, 1, 3, 1),
(913, '2018-01-26 17:00:00', 742954, 1, 4, 1),
(914, '2017-12-11 17:00:00', 794729, 1, 6, 1),
(915, '2017-12-25 17:00:00', 699798, 1, 5, 1),
(916, '2018-01-14 17:00:00', 699934, 1, 2, 1),
(917, '2017-12-17 17:00:00', 751905, 1, 2, 1),
(918, '2018-02-06 17:00:00', 705329, 1, 1, 1),
(919, '2018-01-31 17:00:00', 645476, 1, 3, 1),
(920, '2017-12-01 17:00:00', 685079, 1, 6, 1),
(921, '2017-12-09 17:00:00', 683511, 1, 2, 1),
(922, '2018-02-08 17:00:00', 785111, 1, 6, 1),
(923, '2018-01-21 17:00:00', 702127, 1, 4, 1),
(924, '2018-01-26 17:00:00', 769248, 1, 6, 1),
(925, '2018-01-20 17:00:00', 649224, 1, 2, 1),
(926, '2018-01-16 17:00:00', 686269, 1, 4, 1),
(927, '2017-12-19 17:00:00', 778462, 1, 3, 1),
(928, '2018-01-21 17:00:00', 748055, 1, 6, 1),
(929, '2017-11-20 17:00:00', 788086, 1, 5, 1),
(930, '2017-12-25 17:00:00', 651213, 1, 3, 1),
(931, '2017-12-26 17:00:00', 650224, 1, 2, 1),
(932, '2017-12-11 17:00:00', 702393, 1, 6, 1),
(933, '2017-12-30 17:00:00', 697615, 1, 4, 1),
(934, '2017-12-02 17:00:00', 650224, 1, 3, 1),
(935, '2018-01-05 17:00:00', 699617, 1, 3, 1),
(936, '2017-12-05 17:00:00', 754600, 1, 6, 1),
(937, '2018-01-20 17:00:00', 786959, 1, 2, 1),
(938, '2017-12-08 17:00:00', 638220, 1, 6, 1),
(939, '2018-01-01 17:00:00', 742772, 1, 2, 1),
(940, '2017-11-25 17:00:00', 778946, 1, 2, 1),
(941, '2018-01-06 17:00:00', 743861, 1, 3, 1),
(942, '2018-02-11 17:00:00', 641209, 1, 1, 1),
(943, '2018-01-08 17:00:00', 636990, 1, 2, 1),
(944, '2018-02-02 17:00:00', 671093, 1, 4, 1),
(945, '2018-02-10 17:00:00', 794463, 1, 2, 1),
(946, '2018-01-31 17:00:00', 751175, 1, 3, 1),
(947, '2017-12-11 17:00:00', 613803, 1, 2, 1),
(948, '2018-01-30 17:00:00', 771942, 1, 1, 1),
(949, '2018-01-09 17:00:00', 721701, 1, 3, 1),
(950, '2018-01-02 17:00:00', 644067, 1, 3, 1),
(951, '2017-11-28 17:00:00', 633236, 1, 5, 1),
(952, '2018-02-01 17:00:00', 751851, 1, 2, 1),
(953, '2017-12-01 17:00:00', 610540, 1, 1, 1),
(954, '2018-01-19 17:00:00', 774781, 1, 5, 1),
(955, '2017-12-07 17:00:00', 611231, 1, 6, 1),
(956, '2018-02-09 17:00:00', 687014, 1, 3, 1),
(957, '2017-11-27 17:00:00', 721195, 1, 2, 1),
(958, '2017-12-25 17:00:00', 762309, 1, 2, 1),
(959, '2018-01-12 17:00:00', 796427, 1, 5, 1),
(960, '2017-11-21 17:00:00', 794033, 1, 6, 1),
(961, '2018-01-02 17:00:00', 776694, 1, 4, 1),
(962, '2017-12-29 17:00:00', 686474, 1, 2, 1),
(963, '2017-12-27 17:00:00', 766494, 1, 2, 1),
(964, '2017-12-26 17:00:00', 687985, 1, 4, 1),
(965, '2018-02-13 17:00:00', 799806, 1, 5, 1),
(966, '2017-11-24 17:00:00', 628217, 1, 5, 1),
(967, '2017-12-30 17:00:00', 708254, 1, 5, 1),
(968, '2018-01-31 17:00:00', 791985, 1, 1, 1),
(969, '2017-12-11 17:00:00', 764914, 1, 6, 1),
(970, '2017-12-25 17:00:00', 631288, 1, 2, 1),
(971, '2017-12-31 17:00:00', 674057, 1, 6, 1),
(972, '2017-12-05 17:00:00', 704684, 1, 4, 1),
(973, '2018-02-03 17:00:00', 735084, 1, 3, 1),
(974, '2017-12-15 17:00:00', 781092, 1, 4, 1),
(975, '2017-11-25 17:00:00', 664612, 1, 5, 1),
(976, '2018-01-19 17:00:00', 624365, 1, 6, 1),
(977, '2018-02-02 17:00:00', 612982, 1, 3, 1),
(978, '2018-01-27 17:00:00', 762128, 1, 4, 1),
(979, '2018-02-04 17:00:00', 689626, 1, 4, 1),
(980, '2018-02-16 17:00:00', 793741, 1, 6, 1),
(981, '2017-11-30 17:00:00', 672701, 1, 4, 1),
(982, '2018-02-02 17:00:00', 605906, 1, 5, 1),
(983, '2018-01-27 17:00:00', 731801, 1, 5, 1),
(984, '2018-01-13 17:00:00', 777307, 1, 3, 1),
(985, '2018-01-02 17:00:00', 702753, 1, 2, 1),
(986, '2018-02-08 17:00:00', 792183, 1, 4, 1),
(987, '2018-01-10 17:00:00', 681051, 1, 2, 1),
(988, '2017-12-20 17:00:00', 735682, 1, 4, 1),
(989, '2018-01-01 17:00:00', 635655, 1, 1, 1),
(990, '2018-01-11 17:00:00', 784654, 1, 1, 1),
(991, '2017-11-22 17:00:00', 645996, 1, 1, 1),
(992, '2017-12-07 17:00:00', 600103, 1, 6, 1),
(993, '2017-12-01 17:00:00', 782042, 1, 5, 1),
(994, '2017-12-29 17:00:00', 781664, 1, 3, 1),
(995, '2018-02-06 17:00:00', 783003, 1, 3, 1),
(996, '2018-02-04 17:00:00', 792775, 1, 3, 1),
(997, '2018-02-13 17:00:00', 651319, 1, 6, 1),
(998, '2017-12-26 17:00:00', 668135, 1, 1, 1),
(999, '2017-12-01 17:00:00', 681716, 1, 2, 1),
(1000, '2018-01-29 17:00:00', 740564, 1, 2, 1),
(1001, '2018-01-22 17:00:00', 602000, 1, 5, 1),
(1002, '2018-02-14 17:00:00', 709506, 1, 2, 1),
(1003, '2017-11-26 17:00:00', 773909, 1, 5, 1),
(1004, '2018-02-16 17:00:00', 678723, 1, 5, 1),
(1005, '2018-01-07 17:00:00', 658900, 1, 2, 1),
(1006, '2018-01-09 17:00:00', 724585, 1, 4, 1),
(1007, '2018-01-01 17:00:00', 728512, 1, 1, 1),
(1008, '2017-11-27 17:00:00', 792033, 1, 2, 1),
(1009, '2017-12-05 17:00:00', 658175, 1, 5, 1),
(1010, '2017-12-14 17:00:00', 603791, 1, 4, 1),
(1011, '2018-01-25 17:00:00', 628658, 1, 1, 1),
(1012, '2018-01-22 17:00:00', 756399, 1, 2, 1),
(1013, '2018-02-05 17:00:00', 703914, 1, 4, 1),
(1014, '2017-11-20 17:00:00', 638800, 1, 3, 1),
(1015, '2018-01-14 17:00:00', 642479, 1, 5, 1),
(1016, '2017-12-07 17:00:00', 779719, 1, 2, 1),
(1017, '2017-12-08 17:00:00', 714733, 1, 5, 1),
(1018, '2018-01-21 17:00:00', 745950, 1, 2, 1),
(1019, '2018-01-18 17:00:00', 652191, 1, 5, 1),
(1020, '2018-02-16 17:00:00', 799496, 1, 5, 1),
(1021, '2017-12-29 17:00:00', 729038, 1, 3, 1),
(1022, '2017-12-19 17:00:00', 668244, 1, 4, 1),
(1023, '2018-01-27 17:00:00', 609696, 1, 6, 1),
(1024, '2017-12-02 17:00:00', 619040, 1, 3, 1),
(1025, '2017-12-25 17:00:00', 685198, 1, 4, 1),
(1026, '2017-12-23 17:00:00', 614070, 1, 3, 1),
(1027, '2018-01-18 17:00:00', 650484, 1, 4, 1),
(1028, '2017-11-26 17:00:00', 798575, 1, 2, 1),
(1029, '2017-12-17 17:00:00', 633253, 1, 6, 1),
(1030, '2017-11-30 17:00:00', 680604, 1, 1, 1),
(1031, '2018-01-15 17:00:00', 680177, 1, 2, 1),
(1032, '2018-01-06 17:00:00', 645082, 1, 1, 1),
(1033, '2018-01-31 17:00:00', 681071, 1, 2, 1),
(1034, '2018-01-15 17:00:00', 704936, 1, 4, 1),
(1035, '2017-12-05 17:00:00', 693432, 1, 5, 1),
(1036, '2018-02-14 17:00:00', 651272, 1, 1, 1),
(1037, '2018-01-08 17:00:00', 703564, 1, 1, 1),
(1038, '2018-02-10 17:00:00', 787309, 1, 3, 1),
(1039, '2017-11-30 17:00:00', 618030, 1, 4, 1),
(1040, '2018-02-16 17:00:00', 610909, 1, 5, 1),
(1041, '2018-01-03 17:00:00', 785596, 1, 3, 1),
(1042, '2017-11-28 17:00:00', 735584, 1, 2, 1),
(1043, '2017-12-20 17:00:00', 667756, 1, 5, 1),
(1044, '2017-12-08 17:00:00', 743447, 1, 2, 1),
(1045, '2018-01-20 17:00:00', 770042, 1, 3, 1),
(1046, '2018-01-27 17:00:00', 632608, 1, 6, 1),
(1047, '2018-01-25 17:00:00', 768986, 1, 5, 1),
(1048, '2018-01-18 17:00:00', 713375, 1, 4, 1),
(1049, '2017-12-08 17:00:00', 751205, 1, 2, 1),
(1050, '2017-12-05 17:00:00', 619155, 1, 3, 1),
(1051, '2017-12-29 17:00:00', 782938, 1, 4, 1),
(1052, '2018-02-05 17:00:00', 674254, 1, 2, 1),
(1053, '2018-01-11 17:00:00', 733552, 1, 4, 1),
(1054, '2018-02-16 17:00:00', 687440, 1, 5, 1),
(1055, '2018-02-13 17:00:00', 686218, 1, 5, 1),
(1056, '2018-01-03 17:00:00', 791067, 1, 4, 1),
(1057, '2017-12-14 17:00:00', 677320, 1, 4, 1),
(1058, '2017-12-05 17:00:00', 761058, 1, 6, 1),
(1059, '2017-12-03 17:00:00', 640643, 1, 4, 1),
(1060, '2017-12-07 17:00:00', 667743, 1, 3, 1),
(1061, '2017-12-30 17:00:00', 707108, 1, 3, 1),
(1062, '2017-12-20 17:00:00', 766745, 1, 5, 1),
(1063, '2017-11-22 17:00:00', 632644, 1, 2, 1),
(1064, '2017-12-15 17:00:00', 738740, 1, 4, 1),
(1065, '2018-02-05 17:00:00', 772375, 1, 5, 1),
(1066, '2018-02-16 17:00:00', 737286, 1, 4, 1),
(1067, '2018-01-07 17:00:00', 661428, 1, 4, 1),
(1068, '2017-11-27 17:00:00', 718722, 1, 5, 1),
(1069, '2018-01-11 17:00:00', 786637, 1, 3, 1),
(1070, '2017-12-28 17:00:00', 638334, 1, 3, 1),
(1071, '2018-01-31 17:00:00', 745323, 1, 5, 1),
(1072, '2018-01-06 17:00:00', 717964, 1, 6, 1),
(1073, '2017-11-22 17:00:00', 790610, 1, 4, 1),
(1074, '2017-12-06 17:00:00', 771771, 1, 5, 1),
(1075, '2017-12-29 17:00:00', 604460, 1, 1, 1),
(1076, '2018-02-01 17:00:00', 765537, 1, 5, 1),
(1077, '2018-01-11 17:00:00', 795768, 1, 1, 1),
(1078, '2018-01-06 17:00:00', 738689, 1, 6, 1),
(1079, '2017-12-18 17:00:00', 681185, 1, 2, 1),
(1080, '2018-02-14 17:00:00', 710731, 1, 6, 1),
(1081, '2017-12-30 17:00:00', 676597, 1, 2, 1),
(1082, '2017-12-19 17:00:00', 750229, 1, 2, 1),
(1083, '2017-11-22 17:00:00', 633659, 1, 5, 1),
(1084, '2017-12-15 17:00:00', 639894, 1, 2, 1),
(1085, '2018-02-09 17:00:00', 733704, 1, 2, 1),
(1086, '2018-01-16 17:00:00', 698535, 1, 3, 1),
(1087, '2017-11-19 17:00:00', 644809, 1, 4, 1),
(1088, '2018-01-16 17:00:00', 757393, 1, 4, 1),
(1089, '2018-02-06 17:00:00', 712830, 1, 5, 1),
(1090, '2018-02-21 17:00:00', 381713, 2, 4, 1),
(1091, '2018-03-13 17:00:00', 332878, 2, 6, 1),
(1092, '2018-03-01 17:00:00', 394294, 2, 4, 1),
(1093, '2018-03-05 17:00:00', 356172, 2, 2, 1),
(1094, '2018-02-26 17:00:00', 302764, 2, 2, 1),
(1095, '2018-02-22 17:00:00', 366686, 2, 1, 1),
(1096, '2018-03-02 17:00:00', 342980, 2, 2, 1),
(1097, '2018-03-11 17:00:00', 363017, 2, 3, 1),
(1098, '2018-02-25 17:00:00', 339562, 2, 3, 1),
(1099, '2018-02-25 17:00:00', 371063, 2, 6, 1),
(1100, '2018-02-21 17:00:00', 329549, 2, 4, 1),
(1101, '2018-02-27 17:00:00', 342783, 2, 3, 1),
(1102, '2018-03-13 17:00:00', 394658, 2, 4, 1),
(1103, '2018-03-03 17:00:00', 319024, 2, 6, 1),
(1104, '2018-02-23 17:00:00', 300175, 2, 2, 1),
(1105, '2018-03-12 17:00:00', 342437, 2, 3, 1),
(1106, '2018-03-02 17:00:00', 303300, 2, 2, 1),
(1107, '2018-03-07 17:00:00', 358519, 2, 1, 1),
(1108, '2018-02-21 17:00:00', 333895, 2, 5, 1),
(1109, '2018-02-20 17:00:00', 316881, 2, 4, 1);

--
-- Trigger `log_perubahan_saldo`
--
DELIMITER $$
CREATE TRIGGER `perubahan_saldo` AFTER INSERT ON `log_perubahan_saldo` FOR EACH ROW BEGIN
SELECT jumlah INTO @saldo FROM saldo WHERE id_maskapai = NEW.id_maskapai AND id_user = NEW.id_user;

IF NEW.id_status != 1 THEN
	SET @saldo_now = @saldo + NEW.jumlah;
ELSE
 	SET @saldo_now = @saldo - NEW.jumlah;
END IF;

UPDATE saldo SET jumlah = @saldo_now WHERE id_maskapai = NEW.id_maskapai AND id_user = NEW.id_user;
END
$$
DELIMITER ;

-- --------------------------------------------------------

--
-- Struktur dari tabel `maskapai`
--

CREATE TABLE `maskapai` (
  `id_maskapai` int(11) NOT NULL,
  `nama` varchar(255) NOT NULL,
  `no_telephone` varchar(13) NOT NULL,
  `url` varchar(255) NOT NULL
) ENGINE=InnoDB DEFAULT CHARSET=latin1;

--
-- Dumping data untuk tabel `maskapai`
--

INSERT INTO `maskapai` (`id_maskapai`, `nama`, `no_telephone`, `url`) VALUES
(1, 'Sriwijaya Air', '085555555555', 'https://sriwijayaair.co.id/'),
(2, 'Garuda Indonesia', '081111111111', 'https://www.garuda-indonesia.com/id/id/index.page'),
(3, 'Lion Air', '082222222222', 'http://lionair.co.id/'),
(4, 'Citilink', '083333333333', 'https://www.citilink.co.id/'),
(5, 'Batik Air', '084444444444', 'https://www.batikair.com/en/'),
(6, 'Indonesia AirAsia', '086666666666', 'https://www.airasia.com/');

-- --------------------------------------------------------

--
-- Struktur dari tabel `pelanggan`
--

CREATE TABLE `pelanggan` (
  `id_pelanggan` int(11) NOT NULL,
  `nama` varchar(255) NOT NULL,
  `alamat` varchar(255) NOT NULL,
  `no_telephone` varchar(13) NOT NULL
) ENGINE=InnoDB DEFAULT CHARSET=latin1;

--
-- Dumping data untuk tabel `pelanggan`
--

INSERT INTO `pelanggan` (`id_pelanggan`, `nama`, `alamat`, `no_telephone`) VALUES
(2, 'Ms. Rebeka Blick', '447 Dell Hills\nSheldonberg, MD 83351', '1-097-274-660'),
(3, 'Johnny Hoppe', '63950 Rosenbaum View\nWest Lilian, IL 74507-7529', '(303)112-3564'),
(4, 'Sincere Harvey', '9334 Grimes Green\nNorth Lorenzatown, PA 42938-5852', '1-463-309-320'),
(5, 'Danial Crist', '61391 Glover Camp Suite 222\nAlisatown, WI 22113-8237', '155-955-6422x'),
(6, 'Ms. Alva Block', '099 Edythe Springs\nStrackechester, VA 90626-2384', '1-147-471-631'),
(7, 'Sherwood Jast', '30193 Camilla View Apt. 725\nFaheyport, HI 78626-6529', '08437490743'),
(8, 'Gerardo Beer', '1618 Spencer Valleys\nPaulashire, MD 51541-6886', '(634)694-4065'),
(9, 'Guido Champlin', '500 Heidenreich Fall\nPort Oswaldo, NY 69707', '501.768.9609x'),
(10, 'Autumn Parisian', '886 Cummerata Streets Suite 097\nWest Zacherymouth, OR 58348-9628', '810.736.9107x'),
(11, 'Ms. Heath Hegmann DDS', '12692 Grant Path\nGonzalomouth, AL 84887-3865', '1-273-067-017'),
(12, 'Devan Little', '78831 Oral Canyon Suite 886\nGutkowskibury, RI 16375', '(673)967-5199'),
(13, 'Dr. Norberto Kiehn IV', '9076 Wilson Lakes Suite 365\nPamelaport, TN 59181-4771', '951.674.2448'),
(14, 'Bud Johns', '2526 Kareem Village Apt. 822\nNew Ubaldoburgh, NH 40796-6251', '(503)973-1066'),
(15, 'Chaz Ernser V', '8163 Kamren Valley\nSouth Shannonbury, NY 71677', '(964)023-9710'),
(16, 'Bennett Hessel PhD', '33555 Maximus River\nPort Ardella, WI 29959-0119', '520-419-0213'),
(17, 'Julia Spencer V', '7466 Torp Course\nDemondchester, WV 40954', '587.801.0881'),
(18, 'Bartholome Altenwerth', '78392 Morar Causeway Apt. 335\nAnabellestad, IN 70345-5841', '(231)705-2805'),
(19, 'Justus Gerhold V', '01248 Metz Mission\nOrnland, CT 12156', '09326479424'),
(20, 'Dr. Valerie Gaylord V', '205 Shea Island Suite 365\nPort Helgastad, NY 25864-2743', '219-984-5322x'),
(21, 'Sally Volkman', '28329 Rosemarie River\nAdamsberg, DC 33127', '872.967.7276'),
(22, 'Lucy Boehm', '844 Stiedemann Ports\nDurganshire, MA 68046-1578', '1-410-332-681'),
(23, 'Ms. Erna Dach', '311 Bailey Pine\nNorth Saige, MT 91639-5866', '(787)890-2637'),
(24, 'Mr. Jeffry Treutel', '272 Valentin Rapid Suite 809\nMarcelberg, MA 44508', '(054)277-4906'),
(25, 'Autumn Boehm', '3940 Gutmann Passage\nHarveyfort, IL 16980-2263', '148.909.3049'),
(26, 'Macey Goyette', '423 Parisian Streets Apt. 792\nLake Edwin, ND 16619-3965', '561-484-5061x'),
(27, 'Miss Mariam Zemlak', '6071 Jerad Ferry\nCassinland, FL 03899', '1-962-938-514'),
(28, 'Marjory Stokes', '814 Phyllis Fields\nPattieburgh, AL 68549-5953', '1-446-821-839'),
(29, 'Mohammad Willms DVM', '0117 Antoinette Turnpike Apt. 731\nHerzogborough, ND 31119-1295', '+37(2)6078495'),
(30, 'Breanne Gibson', '918 Loyce Rest\nMaggiebury, ND 71765-4132', '754-548-7983x'),
(31, 'Dr. Rylan Goyette MD', '76220 Vito Lane\nEast Kacie, SC 24374-0554', '855.456.5022x'),
(32, 'Milton Reynolds', '8637 Jaclyn Run Suite 855\nHayesmouth, DC 71362', '(587)917-8091'),
(33, 'Ray Shields', '33544 Zena Hill\nHeberburgh, MD 90353', '03352076596'),
(34, 'Sabina Auer', '466 Millie Wall\nSmithberg, AK 31870-7844', '684.502.8575'),
(35, 'Leila Buckridge', '3282 Alexa Square Apt. 270\nTracyland, MN 89829', '790.643.5387x'),
(36, 'Tyler King', '9238 Caroline Glens Suite 345\nNew Christland, CT 53960-7463', '116-661-7137x'),
(37, 'Dr. Immanuel Casper', '6939 Alvera Underpass\nHandshire, IL 50301-3829', '1-735-955-169'),
(38, 'Mr. Russel Windler IV', '461 Bednar Mountains Suite 581\nLake Hazle, MS 67208', '821.605.5046'),
(39, 'Ted Kirlin', '7173 Lane Corners\nEast Danielle, FL 64156-8080', '03497011529'),
(40, 'Lilyan Batz', '559 Leannon Underpass\nEmilfurt, NY 67716', '1-611-940-645'),
(41, 'Ignacio Lehner', '25366 Hollie Cliff\nChristshire, NJ 32847-8195', '1-654-429-090'),
(42, 'Salvatore Crona', '2471 Gavin Mount\nWestborough, UT 70656', '241-251-7249x'),
(43, 'Flo Little', '8534 Spinka Shoal Apt. 719\nEast Ali, FL 58954', '1-252-403-658'),
(44, 'Dr. Jettie Franecki', '974 Ed Underpass Apt. 718\nNyahchester, ID 83556', '1-073-961-376'),
(45, 'Ramiro Nitzsche', '48238 Emelie Circle Suite 364\nSouth Marion, LA 07502-0840', '581.700.2003'),
(46, 'Prof. Frederic Hauck', '3724 Steuber Point Apt. 269\nFramiburgh, KS 18837-6338', '(916)165-3195'),
(47, 'Lexus Metz', '429 Greenfelder Key\nAlessiaberg, TN 75815', '(653)107-5749'),
(48, 'Prof. Patricia Thompson', '7205 Walter Summit Apt. 805\nWest Mckenna, WI 40101-7969', '1-393-757-867'),
(49, 'Mr. Adrain Swift II', '63941 DuBuque Brooks\nFletcherland, GA 13285', '361.717.2519x'),
(50, 'Litzy Stokes', '117 Boyer Drives Apt. 879\nEast Jose, KS 52280', '+31(8)0954877'),
(51, 'Andreanne Turner', '364 Baumbach Stravenue Apt. 863\nLake Baby, MN 31213', '+61(0)1151645'),
(52, 'Myrtle Johnston', '4104 Ova Vista Suite 118\nMaggiomouth, AL 82803', '113.933.6290x'),
(53, 'Ford Kohler III', '56716 Schmidt Crescent Suite 334\nBoylestad, DC 19081-2561', '1-516-548-874'),
(54, 'Mr. Rory Littel', '748 Champlin Center\nDuncanfurt, IA 85436', '00223419908'),
(55, 'Isidro Streich', '58151 Jaiden Meadow\nCieloview, NH 10472', '000-834-4669x'),
(56, 'Enrico Adams V', '03809 Littel Station Suite 111\nToyburgh, MS 68905-3974', '1-877-610-987'),
(57, 'Pasquale Wuckert', '2197 Swaniawski Hill\nWest Kristopherfort, NY 68666', '1-821-207-884'),
(58, 'Rasheed Swift', '022 Wehner Lock Suite 464\nNew Dillan, NY 86609-0928', '1-840-709-100'),
(59, 'Mrs. Rosamond Gottlieb', '63727 Nelda Fork\nHegmannchester, AZ 85278', '821-552-8867x'),
(60, 'Dr. Jace Kemmer', '8713 Block Track\nCaitlynport, UT 22625', '426-245-1981'),
(61, 'Kenya Schimmel', '38459 Pacocha Loaf Apt. 488\nNew Eileen, WY 63951', '09090497201'),
(62, 'Ms. Caroline Cartwright MD', '35349 Wolf Locks\nNorth Colemouth, OH 56804', '(587)776-1810'),
(63, 'Cooper Dach', '0669 Runolfsdottir Turnpike Apt. 579\nNew Nikkoburgh, RI 25919-3493', '+05(6)0135520'),
(64, 'Bonita Oberbrunner IV', '6157 Gladyce Manor Apt. 499\nWest Jodieland, WY 43243-6815', '(824)384-4666'),
(65, 'Shawna Strosin', '587 Buckridge Rapid Apt. 343\nLisandrobury, OK 04765', '1-459-966-647'),
(66, 'Laura Hoeger MD', '471 Schmidt Harbor\nLehnerland, CT 10152', '1-827-657-392'),
(67, 'Terrence Metz', '1289 Simonis Mall Apt. 477\nEast Aubreefurt, CA 46532', '343.977.7116x'),
(68, 'Kristina Hodkiewicz DDS', '209 Ondricka Hollow Suite 407\nHenriville, NC 88439-8196', '316.618.1900x'),
(69, 'Polly Lockman', '2076 Bogisich Crossing Suite 797\nLake Donny, SD 80711', '1-368-118-495'),
(70, 'Luisa McGlynn IV', '28748 Streich Keys Suite 334\nMarvintown, TX 21957', '398-884-8144x'),
(71, 'Anahi Kuhn', '882 Christiansen Trail\nNew Lillabury, KS 12193-0753', '(245)710-5922'),
(72, 'Keanu Tromp', '07548 Hamill Cliff\nMarianefort, VT 57548', '1-834-669-093'),
(73, 'Mrs. Marlene Oberbrunner V', '4217 Smith Ports Suite 065\nPort Lysanneview, FL 28689-0551', '+37(2)9951489'),
(74, 'Mabel Sauer PhD', '19527 Ines Court Apt. 770\nLake Lowell, WY 37775', '1-696-132-435'),
(75, 'Saul Luettgen', '628 Hammes Extension\nNorth Nikki, KS 07713', '1-238-663-492'),
(76, 'Emmitt Wilderman Sr.', '33278 Funk Roads\nMittiechester, NH 97139', '(916)319-8520'),
(77, 'Mr. Doyle Hand I', '57524 Lebsack Plaza Suite 525\nEast Abbychester, SC 76689', '(959)069-0926'),
(78, 'Catherine Bins', '34840 Tess Views Suite 524\nBodeport, NC 40397', '1-947-019-164'),
(79, 'Grady Smitham', '59297 Goyette Ridges\nPort Nickolasfort, PA 06942-5406', '1-320-980-000'),
(80, 'Bobbie Klein', '9209 Goodwin Throughway\nFritschmouth, OK 55127-5774', '(197)492-7376'),
(81, 'Jamison White V', '94908 Bernice Mountain Apt. 707\nEast Maidaville, MN 06795-9855', '339-570-2075x'),
(82, 'Cornell Schmidt', '08075 Hayden Stravenue\nChristiansenhaven, MS 75206', '04572903350'),
(83, 'Hanna Jakubowski Jr.', '46961 Shawn Spur Apt. 060\nNew Cornell, MI 65528-7488', '+04(6)0404993'),
(84, 'Prof. Albin Reichel', '54450 Huels Glens Suite 701\nClarahaven, MD 72841-5989', '+47(1)7248314'),
(85, 'Mr. Arturo Stracke', '954 Gorczany Divide\nSouth Jammieport, MN 16661', '+04(7)6701132'),
(86, 'Kieran Legros I', '2147 Hackett Ferry Suite 426\nEdwardochester, KS 17678-1904', '+15(8)6309601'),
(87, 'Patience Schoen', '49814 Freddy Motorway Apt. 173\nBreitenbergfurt, OH 70781', '+59(9)1502045'),
(88, 'Arturo Langosh IV', '363 Herzog Run Suite 643\nWolffside, CA 48817', '1-908-589-532'),
(89, 'Reina Kling', '214 Farrell Valleys\nLake Joellebury, AK 78936-3764', '(910)463-8657'),
(90, 'Mr. Kadin Hilpert DDS', '196 Sammy Meadow\nNew Simoneside, LA 21139-5224', '1-642-125-652'),
(91, 'Dr. Ayden McGlynn II', '835 Patricia Track\nKaylifort, WV 51168', '099-572-2967x'),
(92, 'Lizzie Kulas', '484 Stracke Mall Suite 701\nMannstad, TX 70335-3378', '(340)871-5766'),
(93, 'Prof. Belle Corkery', '17907 Jacobs Roads\nPort Sandrineland, FL 20780', '804-834-3113'),
(94, 'Creola Weissnat', '059 Odessa Mountain\nBoyerbury, WV 13005', '1-725-489-541'),
(95, 'Kylie Farrell Sr.', '26488 Botsford Viaduct\nDahliaburgh, NC 23030', '00064170520'),
(96, 'Bradly Ortiz', '1985 Swaniawski Plaza Suite 242\nSophieshire, VT 88054', '578-195-3131x'),
(97, 'Jodie Fisher', '581 Alysha Junction\nEast Keenan, WI 45455-5062', '(899)325-7542'),
(98, 'Zelda Ritchie', '0890 Karley Avenue Suite 747\nRubieport, AL 29393-4460', '621-087-1851x'),
(99, 'Vincenzo O\'Kon IV', '634 Nicholas Stravenue Suite 761\nNorth Abbigailhaven, GA 70956', '056.925.1661'),
(100, 'Reggie Kiehn', '32098 Schuster Roads\nAustenton, IL 26424', '1-080-991-311'),
(101, 'Granville Deckow', '620 White Lakes Suite 483\nBoganstad, MS 27033-4629', '(727)511-5373'),
(102, 'Dr. Christelle Kessler', '1366 Mireya Locks\nEast Lelaburgh, CT 28523', '675.631.3903'),
(103, 'Ellie Feeney', '992 Keebler Corners\nNew Alda, CT 53940-3590', '1-398-848-384'),
(104, 'Miss Adaline Gottlieb', '116 Durgan Expressway\nRauview, CT 91590-4455', '06895106125'),
(105, 'Marlee Stiedemann', '470 Leffler Circle\nWest Paxtonshire, RI 62471-6102', '099.382.8005'),
(106, 'Chad Kub', '054 Dicki Burg Apt. 463\nEmardchester, MD 57815', '1-717-048-051'),
(107, 'Gerard Dickens', '7085 Kling Plains Suite 925\nNorth Cordeliahaven, WA 23953-9177', '303.780.3011x'),
(108, 'Prof. Domenick Oberbrunner Sr.', '262 Lowe Springs\nPort Keanu, IN 90686', '530-344-5054x'),
(109, 'Serenity Kemmer', '25584 Greenholt Extensions\nPort Candicefurt, AZ 67136', '459.841.3835'),
(110, 'Ryan Walsh', '931 Guy Spur\nJarredberg, PA 56438-1578', '797.029.8259x'),
(111, 'Samantha Volkman', '0247 Davis Motorway Apt. 695\nWalterport, NM 11024', '739-531-3628x'),
(112, 'Emery Boyer', '6978 Myra Fork\nSwaniawskimouth, WV 76451', '978.662.2379x'),
(113, 'Nella Satterfield', '32214 Gaston Port\nLake Devyn, CT 09868-6064', '400.935.9193'),
(114, 'Clinton Hamill', '994 Ferry Pike\nPort Norval, NY 45343-8389', '+29(4)8351202'),
(115, 'Dr. Rachael Zemlak', '5654 Tromp Port\nHectorland, GA 58613-8397', '1-274-725-129'),
(116, 'Isobel Lind DDS', '180 Cara Grove\nNorth Marcoshaven, UT 30325-9470', '03215324979'),
(117, 'Corine Blanda', '96891 Franecki Ridges\nNorth Soledad, WI 75017-3943', '158.594.8505x'),
(118, 'Hilario Boyle', '7260 Jed Overpass\nPort Calebport, DE 65565', '(758)136-4487'),
(119, 'Dr. Jody Runolfsdottir', '181 Estrella Row Suite 067\nBeerfurt, AZ 37655-0279', '1-757-313-155'),
(120, 'Bryon Monahan', '416 Shields Glens Suite 255\nEast Adanland, MD 90111', '+35(4)6243801'),
(121, 'Karine Hilpert II', '73198 Baumbach Garden\nSouth Lucinda, MS 01774', '325.668.9086'),
(122, 'Shawn Von', '67019 Abagail Rue Apt. 168\nSabrynafurt, WV 17336-4820', '(119)282-5369'),
(123, 'Wyatt Considine MD', '42579 Brandyn Highway\nMarquardtfurt, NE 13866-3534', '(793)081-0689'),
(124, 'Shayne Hickle V', '139 Sterling Land Suite 670\nWest Kipshire, SC 84344-7807', '03914311898'),
(125, 'Mr. Orlo Bergnaum', '688 Ward Drive\nGreenfelderhaven, RI 65488', '212.519.9798x'),
(126, 'Leonard Hand', '547 Titus Field Suite 386\nLamonttown, NY 67236-3948', '907.049.5807'),
(127, 'Obie Hirthe', '0063 Tressa Causeway\nEduardoborough, AK 13869-9654', '(315)412-1348'),
(128, 'Keshaun Jakubowski III', '63326 Harvey Village Apt. 817\nRempelmouth, HI 98566-8771', '+20(3)2504607'),
(129, 'Mr. Troy Waters Sr.', '4636 Gislason Glen\nEast Jarredville, IA 99278', '696.844.4021'),
(130, 'Mrs. Melba Hettinger MD', '018 Tromp Circle\nAngelaville, DC 61329-1910', '608.780.5446x'),
(131, 'Maybell Rippin', '0222 Jon Loop\nLake Martine, WA 42798-6279', '1-660-197-453'),
(132, 'Harmon Grady', '57611 Boyer Shoals Apt. 976\nSouth Claudiebury, OH 52977', '373.092.3051'),
(133, 'Hailie Grimes', '740 Drake Drive Apt. 779\nSavionview, GA 75246-3747', '(363)716-5756'),
(134, 'Simeon Olson', '1669 Katherine Union\nJosuechester, MA 75264', '1-156-523-974'),
(135, 'Mrs. Noemie Morar V', '74085 Kling Bridge Apt. 487\nCrooksport, SC 14879', '760-083-2728x'),
(136, 'Jennifer Krajcik', '3076 Ziemann Spurs Suite 983\nEast Bonnie, SC 52567', '(848)360-7190'),
(137, 'Zula Mayer', '6646 Juliet Circles Apt. 956\nNorth Ettie, CA 02204-9744', '584.463.5981x'),
(138, 'Karolann Greenholt Sr.', '43811 Vicky Bypass\nBrandonshire, HI 47240', '1-453-925-100'),
(139, 'Ellen Farrell', '3814 Aiyana Corners Suite 060\nNeilhaven, AZ 21414', '+94(7)5040797'),
(140, 'Dr. Ben Schoen', '26264 Stark Port\nNorth Marlin, NV 55352', '(643)813-0372'),
(141, 'Dorothea Swift IV', '747 Clovis Burg\nStoltenbergmouth, NC 53296', '567.552.4229x'),
(142, 'Elbert Batz', '720 O\'Connell Highway Suite 969\nWilkinsonside, MA 06608', '306-029-6800x'),
(143, 'Abigail Strosin', '21835 Madison Extension Suite 886\nClarissaborough, TN 22135-4088', '09997318388'),
(144, 'Roberto Lakin', '879 Keith Land\nEast Lula, ID 95678-4245', '1-675-412-825'),
(145, 'Verna Dibbert', '432 Walter Course\nEast Linnea, IL 02574', '+49(6)5114202'),
(146, 'Prof. Gus Blick', '164 Emma Road Apt. 074\nPort Vicentebury, CT 14505', '09604396868'),
(147, 'Prof. Ansley Grady', '6173 Norma Lights\nNorth Sallyberg, WA 01021-7110', '670.743.4343x'),
(148, 'Xavier Volkman', '334 Grady Drives Apt. 581\nNew Domenicaland, NM 12440', '1-653-331-287'),
(149, 'Alfred Nikolaus', '558 Helena Underpass\nLorenastad, CT 52959', '1-179-508-644'),
(150, 'Jasper Bechtelar', '628 Murphy Passage\nPort Dimitri, UT 44392', '(691)960-9263'),
(151, 'Rae Balistreri III', '89501 Stephan Ridges\nWiegandville, AL 03841', '1-665-674-902'),
(152, 'Annabel Brown MD', '8159 Kade Islands Suite 096\nDeangelotown, OH 96749-9310', '1-782-700-710'),
(153, 'Griffin Cruickshank Jr.', '40536 Gina Pine Apt. 258\nEast Tiatown, DC 07034-9568', '490-922-7664x'),
(154, 'Juliana Gerlach', '234 Mortimer Stravenue Apt. 101\nNorth Jacey, TN 80213', '1-447-922-524'),
(155, 'Ms. Adah Davis', '15729 Houston Ville\nCummeratatown, AL 52305-8908', '407-788-8450x'),
(156, 'Estell Skiles', '0205 Gislason Union Suite 518\nHettingerport, SD 28149', '02989307925'),
(157, 'Rebeca Bartell IV', '591 Carter Plaza\nStrosinberg, ND 81252', '385.795.4386x'),
(158, 'Eino Ankunding III', '6345 Palma Ranch Apt. 407\nSouth Asafort, NC 79220-2326', '1-710-287-783'),
(159, 'Chyna Wilkinson', '877 Arielle Station\nNew Betteport, CA 00021-7061', '570-653-9956x'),
(160, 'Germaine Dare', '667 Vada Pine Apt. 329\nLake Halieport, CO 28020', '434.663.6953x'),
(161, 'Dr. Kraig Hackett PhD', '27614 Jamar Glen\nEmieton, MI 14586-6679', '533-945-9524x'),
(162, 'Aida Gorczany', '89316 Abbey Squares\nSouth Christoptown, CO 88899-7833', '1-954-806-160'),
(163, 'Lorna Klein', '18835 Rau Branch Apt. 582\nSengerport, VT 56023', '1-476-124-892'),
(164, 'Josefa Kuhic I', '60634 Francesca Locks\nEarnestfort, RI 53986', '1-293-602-596'),
(165, 'Chet Braun', '7227 Justus Lock\nSouth Rose, KY 67038', '557-388-6997x'),
(166, 'Albert Wolff', '38033 Baumbach Drive Apt. 863\nSpencerstad, IL 61247-1553', '204.127.8482'),
(167, 'Ozella Kshlerin', '17237 Jast Alley\nTreutelside, NJ 34919', '01354527003'),
(168, 'Florence Pfeffer', '3689 Casper Route Suite 375\nMetaton, SD 21518-0095', '(743)786-8572'),
(169, 'Prof. Woodrow O\'Reilly', '2259 Collins Crescent Apt. 189\nBednarburgh, WI 84541-6542', '813-136-9451x'),
(170, 'Curt O\'Reilly', '40126 Carrie Manors\nNew Camden, TX 53892', '05609080181'),
(171, 'Waldo Jacobi', '6407 Tristian Pines Apt. 662\nGoodwinfort, UT 84936', '044.892.5837'),
(172, 'Beryl Hirthe', '91204 Ledner Corner Suite 915\nLake Annabellmouth, TX 24521-2019', '1-112-036-837'),
(173, 'Vella Schaefer', '2139 Emile Spurs\nConradstad, RI 19800', '082.664.8145'),
(174, 'Dr. Travis Anderson', '699 Jacobs Springs Apt. 098\nNettiemouth, WA 43878-9436', '06830496300'),
(175, 'Trevion King I', '8881 Ramiro Branch\nEast Vincent, SC 32594-3705', '667-869-1685x'),
(176, 'Brady Reilly', '18965 Kylie Center\nSouth Jay, DC 69463-3122', '050-806-7845x'),
(177, 'Tatum Pagac', '725 Citlalli Plaza\nYundtborough, NJ 23829-4228', '(786)200-1492'),
(178, 'Prof. Katharina Schmidt IV', '3727 Sandrine Shore Suite 433\nPort Theresiaberg, CT 06585-8931', '1-562-104-062'),
(179, 'Dr. Osborne Hirthe', '8225 Kyleigh Village Suite 922\nDawnville, UT 78139-2446', '977.947.8755x'),
(180, 'Magali Lehner', '40214 Miller Brook\nEast Blaketown, TN 42367', '01278527787'),
(181, 'Alfonso Raynor PhD', '20404 Swift Springs Suite 183\nEast Guido, TN 15052-7028', '838-777-7808x'),
(182, 'Eladio Monahan', '1943 Eusebio Island\nEast Kelley, KY 06138-5782', '987.465.2052x'),
(183, 'Gabrielle Mraz', '480 D\'Amore Curve\nKeatonstad, HI 36957-9909', '956-282-7060x'),
(184, 'Prof. Jadon Sanford', '44104 Steuber Union Suite 287\nWest Beverly, DC 92010-3538', '(204)064-2555'),
(185, 'Mr. Lazaro Armstrong DDS', '9219 Raegan Fords\nMyleneport, CA 31933-8753', '1-760-211-577'),
(186, 'Royce Greenfelder', '77918 Erna Route\nPort Logan, MS 76755', '048.876.9882'),
(187, 'Dr. Eleanora Shanahan MD', '55886 Casey Street Suite 032\nNorth Janyview, MA 70373-9887', '316.851.1679'),
(188, 'Rachael Cremin', '383 Stamm Summit\nReyfurt, CO 55569', '1-130-252-545'),
(189, 'Anastasia Murray II', '06996 Adolph Lodge Suite 107\nNorth Alexanestad, SC 93288-4915', '03187151366'),
(190, 'Dr. Jo Jacobi Jr.', '193 Maria Track\nSchowalterfort, AK 75175-4434', '021.178.1794x'),
(191, 'Marley Russel', '645 Elenor Lodge\nNikolausfurt, GA 80406', '698.239.7870x'),
(192, 'Dylan Hintz Sr.', '53774 Polly Springs Apt. 316\nLake Justus, OH 64027', '04142719614'),
(193, 'Lexus Hirthe', '834 Gonzalo Fork\nCelineville, TX 25727-3842', '635-309-9189'),
(194, 'Cassidy Jaskolski DDS', '3706 Ralph Station Suite 139\nO\'Connelltown, TX 16095-9740', '742.959.3779x'),
(195, 'Zoie Wehner', '4691 Maiya Estates\nReingerborough, DC 40359-1385', '1-730-492-392'),
(196, 'Damon Effertz', '2884 Schneider Hill Apt. 979\nDonnellystad, WI 43654', '(066)768-3649'),
(197, 'Frankie Lemke', '2695 Eliezer Pines Apt. 102\nEast Lysanne, MI 99642-4581', '098-320-1628x'),
(198, 'Ursula Langosh', '97256 Dickens Fort Suite 200\nPort Reesemouth, NJ 42307', '04207914979'),
(199, 'Aditya Cruickshank', '5551 Frederic Neck\nMelynahaven, AL 67015', '1-665-299-275'),
(200, 'Jason Witting', '15878 Legros Squares Apt. 527\nSouth Abbey, MN 62296', '1-240-129-827'),
(201, 'Rocky Ruecker', '0662 Koss Falls\nWest Dandre, WA 60526-4999', '1-619-750-909'),
(202, 'Maiya Lakin', '499 River Burgs Apt. 536\nLake Carlieside, AR 87755-0053', '576-102-4270'),
(203, 'Josefina McCullough', '96899 Swift Station Apt. 695\nEbertport, ND 72789-5824', '1-667-214-030'),
(204, 'Margarette Weimann', '74632 Schneider Heights Apt. 542\nNorth Asiamouth, OK 83885', '(504)348-2651'),
(205, 'Justine Cronin', '391 Jewel Loaf\nEast Ianborough, ID 13011-0157', '+62(1)4380947'),
(206, 'Georgiana Hilpert', '624 Little Knoll Apt. 909\nAltenwerthside, WV 87915-1914', '+07(8)8938720'),
(207, 'Amira Weber', '024 Jordan Cape Suite 600\nLake Braxton, OK 06366-5236', '727.798.1631'),
(208, 'Elsa Nader', '051 Helen Lane Suite 415\nEasterville, DC 98010', '402.599.0404'),
(209, 'Chaz Fritsch', '83196 Abigale Park Suite 598\nNew Christ, MS 10061-5734', '1-137-942-894'),
(210, 'Alanis Oberbrunner', '850 Ladarius Causeway\nBerylhaven, VA 36784', '220.166.2623x'),
(211, 'Connor Hammes', '17357 Lamont Vista\nEwellbury, NE 22888', '(894)731-1650'),
(212, 'Alyson Kiehn', '2345 Francesca Wall Suite 648\nWest Aliyamouth, DC 91560', '1-032-102-394'),
(213, 'Sierra Connelly', '52587 Quentin Ville Suite 700\nSouth Earnest, AZ 76881-1638', '597-014-5150x'),
(214, 'Mayra Cormier', '9855 Rex Via\nConnshire, OR 14739', '203.527.8177'),
(215, 'Mrs. Kyla Carter', '748 Rodriguez Via Suite 437\nEast Yazmin, DE 16751', '03170140697'),
(216, 'Rasheed Wolf', '33907 Dereck Trafficway Suite 559\nKaneview, IA 74929-2405', '757.241.1323'),
(217, 'Evie Kovacek', '074 Ethel Mills\nEast Jeromyhaven, NC 67558-3171', '432-763-3445x'),
(218, 'Enid Block', '00572 Michale Island Suite 774\nJudahshire, NY 41236-8210', '09968663258'),
(219, 'Amanda Leannon', '8602 Reinger Branch\nWesttown, SC 64913-6016', '+46(0)8854234'),
(220, 'Jakayla Hodkiewicz', '122 Kianna Mountains Apt. 207\nGageshire, OH 89306-9170', '01197984369'),
(221, 'Dennis Will', '252 D\'Amore Place Apt. 317\nNestorbury, WA 84162', '1-711-677-925'),
(222, 'Prof. Gilbert White MD', '31478 Katelin Unions\nHoegerport, SC 72143', '317.664.9189'),
(223, 'Dr. Jaleel Stokes', '2153 Fay Cliffs\nMillershire, KY 88677-3581', '099-619-3192'),
(224, 'Dr. Davin Harris MD', '983 Goyette Parkway\nLake Jonathon, IA 15937', '(883)472-1857'),
(225, 'Dangelo Grant V', '0638 Abbott Parks\nDoloresville, CA 83122', '1-800-163-211'),
(226, 'Mauricio Raynor', '9681 Schmitt Drive Apt. 667\nColleenborough, WY 00076-8741', '1-287-478-485'),
(227, 'Dr. Helga Barrows DDS', '77560 Zola Trail Apt. 978\nHarrisshire, GA 79956-1977', '(889)878-0778'),
(228, 'Arlie Kulas II', '1776 Johnathan Skyway\nWest Abbieton, LA 83287', '1-000-631-086'),
(229, 'Mayra Balistreri', '619 Botsford Fields\nDiannaview, KY 88587-4715', '(979)296-8735'),
(230, 'Ms. Tamia Mertz III', '9368 Maggio Summit Apt. 248\nNew Dewittview, HI 46120', '(559)402-8777'),
(231, 'Issac Keeling', '3921 Deckow Square Suite 950\nSouth Arnulfo, AL 25985', '943.764.9126'),
(232, 'Laurie Glover', '84182 Dedric Point Suite 976\nCummerataville, ID 72193', '088.693.9915x'),
(233, 'Prof. Morris Conroy', '1906 Larry Estates\nLake Laronborough, UT 97720-1845', '1-760-103-228'),
(234, 'Dawson White', '7435 O\'Conner Branch\nUrielport, MN 92745-4225', '+78(6)3283710'),
(235, 'Dr. Nico Ondricka', '66676 Danika Spurs\nWest Marjory, GA 60305', '1-986-899-756'),
(236, 'Mrs. Helena Dach', '219 Rolfson Glens\nPort Christelle, ME 03691-2347', '1-962-216-470'),
(237, 'Kimberly O\'Connell', '8478 Rory Brooks Suite 100\nNew Lemuel, MA 97660-6088', '(576)043-1423'),
(238, 'Jamison Durgan DVM', '68909 Jedediah Mills\nLake Linnealand, RI 39273-3609', '225-850-1696x'),
(239, 'Emilio Anderson', '2991 Josh Radial\nMaximusburgh, CT 59581', '05910092288'),
(240, 'Dr. Clovis Mayer', '3523 Buddy Point Apt. 935\nPort Rettashire, WI 42433', '+55(3)3618210'),
(241, 'Ms. Tanya Beatty', '91152 Marjolaine Lodge\nPort Nevamouth, MO 13834-1509', '836-897-1110x'),
(242, 'Miss Laurianne Kozey', '1948 Geo Ridges Apt. 198\nMariannaton, WV 08506-9064', '1-998-280-565'),
(243, 'Kellie Bogisich', '1192 Gaylord Mall\nEast Vincebury, DE 89537-2194', '620.538.7575'),
(244, 'Margarita Runolfsson IV', '3720 Athena Isle Apt. 442\nZboncakfort, IN 11953', '847.481.1878x'),
(245, 'Daniella Schulist I', '293 Stoltenberg Crescent Apt. 978\nSouth Juneport, ID 67881', '494.712.6737'),
(246, 'Brisa Hoppe', '401 Braun Cliffs Suite 050\nHackettchester, LA 93462', '782-442-9345'),
(247, 'Branson Grant', '239 Enoch Gardens Apt. 942\nNorth Elton, NV 21161', '(322)764-5154'),
(248, 'Marco Ziemann', '543 Stanton Fort\nLeuschkemouth, CA 39298', '569-913-7116'),
(249, 'Prof. Bertha Sporer', '646 Ben Hill Suite 102\nCathrinemouth, MI 81122-8167', '00673664363'),
(250, 'Ernest McGlynn', '861 Aylin Port Suite 522\nStantonstad, FL 22673', '(491)678-2865'),
(251, 'Mr. Lexus Hilll', '708 Aubree Village Suite 045\nWaelchishire, AK 20888-1964', '865.742.7674x'),
(252, 'Ward Waelchi', '1154 Grady Haven\nEast Aleneville, WV 88414', '992.406.3867x'),
(253, 'Miss Luisa Grady Sr.', '82961 Green View\nWest Aliyah, VA 15551-0789', '(583)741-7761'),
(254, 'Dr. Lupe Dooley', '761 Anjali Brooks\nLake Marvinstad, OR 22625', '1-803-945-184'),
(255, 'Prof. Phoebe Bahringer', '15971 Donnie Cove Suite 652\nFlatleyton, MS 50703-0938', '334-856-5158x'),
(256, 'Dr. Kattie Rogahn II', '40767 Bayer Circles Apt. 593\nNew Simton, DE 03859', '314-159-3472x'),
(257, 'Dr. Richmond Kulas', '43721 Luettgen Locks\nMcGlynnland, NY 87593-8823', '(360)825-2282'),
(258, 'Jordi Hackett', '195 Armando Cape Apt. 472\nVonRuedenhaven, NJ 39978-4970', '523-815-2683x'),
(259, 'Rosemarie Kub I', '3151 O\'Hara Cove Suite 263\nLarkinton, AK 51350', '(236)192-3024'),
(260, 'Dr. Elroy Murphy', '15050 Jeffrey Field Apt. 034\nSouth Delaneyton, SC 72680-2304', '283-784-3994x'),
(261, 'Matilde Boehm', '31080 Claude Motorway\nSouth Velmaberg, KY 62761-0739', '808.899.3559'),
(262, 'Melba Bode II', '145 Nolan Parkway Apt. 583\nSouth Merlinbury, WA 05280', '643-320-7240x'),
(263, 'Dr. Cesar Stroman', '8138 Zora Wells Suite 840\nGaylordchester, ND 28905', '1-932-851-506'),
(264, 'Reynold O\'Conner', '417 Bettye Stream Apt. 156\nDevonview, TN 52976-1038', '776-751-2947x'),
(265, 'Earl Reilly', '62697 Bayer Lodge\nSouth Isaifort, MD 49079-4421', '102-916-7755'),
(266, 'Dillan Conn', '763 Assunta Lake Suite 356\nBergemouth, KS 78969-8929', '1-578-862-716'),
(267, 'Candido Gulgowski', '1321 Grant Village Apt. 965\nNew Tony, OH 35248', '1-006-489-336'),
(268, 'Sydni Koss', '19080 Hauck Hill\nPort Karlee, NY 28508', '+42(8)3077268'),
(269, 'Rosendo Langworth', '05932 Lehner Mews Apt. 432\nEichmannland, MS 79176', '375.212.6224x'),
(270, 'Berniece Weimann', '377 Greenfelder Throughway Suite 565\nSchummberg, NM 60392', '1-931-398-758'),
(271, 'Carole Mohr', '8481 Zulauf Inlet\nPaucekshire, WY 15778', '(750)729-6693'),
(272, 'Amaya Schulist II', '22220 Agustina Stream\nKreigerborough, GA 39195-2494', '1-919-251-929'),
(273, 'Prof. Buster Wehner MD', '82555 Madge Coves\nSouth Janeport, ND 05677', '090.692.4200'),
(274, 'Gardner Lemke III', '14311 Jacobi Drive\nEast Wava, OR 34035-0981', '285-175-1850'),
(275, 'Macie Jacobi DVM', '9790 Lexie Hill Suite 211\nLitzyside, MT 32757-4453', '(243)836-5916'),
(276, 'Joey Gerlach', '8113 Rowan Course\nSouth Matildechester, SD 55981-0155', '565.918.5056x'),
(277, 'Prof. Ambrose O\'Kon DDS', '86028 Ziemann Meadows Apt. 709\nJeradport, CT 94601', '157.694.0446x'),
(278, 'Herta Carroll', '12408 Abernathy Rapids\nAbagailmouth, TN 14335-2340', '717.144.0670'),
(279, 'Yolanda Pfeffer', '56956 Derrick Canyon\nNew Marachester, FL 99660-1160', '916.087.4747'),
(280, 'Cheyanne Gislason', '00050 April Ville Apt. 965\nNew Bridgetbury, IA 79980', '974-509-9749x'),
(281, 'Miss Raegan Veum DDS', '2869 Keara Bridge Suite 268\nWest Clemensstad, MT 97409-1404', '1-650-878-584'),
(282, 'Kianna Bashirian', '5766 Wuckert Ridge\nJeromefurt, MS 07823', '01055987699'),
(283, 'David Bosco I', '424 Sheila Center\nHeidenreichville, NM 70193-0997', '(995)100-4990'),
(284, 'Prof. Bertram Reilly', '262 Wiza Drives Suite 161\nPort Mylenemouth, OH 29909', '968.127.1821'),
(285, 'Rosario Kautzer', '815 Deonte Green Suite 052\nNew Adam, WA 39396', '1-196-685-361'),
(286, 'Kendall Schmitt IV', '18686 Upton Green\nMagnoliaberg, MS 25566', '+91(9)0792096'),
(287, 'Mrs. Edna King DDS', '0221 Lavonne Estate Suite 092\nEast Santiago, UT 77578', '(144)777-2267'),
(288, 'Mr. Aron McLaughlin DVM', '550 Phyllis Tunnel Apt. 644\nDemetriusbury, WV 65710-3170', '(827)516-4087'),
(289, 'Miss Dejah Kovacek II', '0735 Quinten Squares Suite 441\nMarkschester, MD 61938-2998', '(297)356-0962'),
(290, 'Curt O\'Reilly II', '74971 Caesar Orchard Apt. 444\nLake Osvaldo, RI 88661-3342', '656-519-8137'),
(291, 'Rusty Kassulke', '89732 Rodger Lane Suite 887\nNorth Wavaport, MI 22594-8910', '1-872-082-523'),
(292, 'Estel Boyle', '287 White Ramp\nNew Lennamouth, MN 23068-0454', '02499674662'),
(293, 'Dr. Jaylen Reinger', '52782 Sanford Neck\nChynafurt, RI 72183', '398.190.4871'),
(294, 'Abagail Koch', '974 Boyle Passage Apt. 265\nBahringerville, AK 38051', '067-707-3371x'),
(295, 'Enrique Waters', '79577 Erna Parkways Suite 114\nNew Annabelle, WA 02427-5559', '+16(8)6956458'),
(296, 'Ms. Maria Thiel', '4799 Ricky Lights\nLake Ernestineburgh, FL 05512-2341', '+73(2)0044674'),
(297, 'Toni Kessler', '34473 Dee Falls Apt. 937\nConsidineland, NV 56177', '340-417-1165x'),
(298, 'Adella Dickens V', '795 Trycia Divide\nIsobelview, IN 68458-9732', '04240915504'),
(299, 'Ashly Upton IV', '0053 Ernser Junctions\nNorth Theodoreville, FL 36757-0782', '1-526-650-779'),
(300, 'Miss Dakota Gislason', '788 Luis Lights Suite 407\nPort Reed, AZ 01509-9245', '05289033446'),
(301, 'Diana Koss', '9974 Tremblay Meadow\nKuvalisport, IA 64821-6164', '017-658-2013x'),
(302, 'Prof. Angelica Rowe', '96454 Justen Centers\nGraycechester, VT 06992', '(229)808-7830'),
(303, 'Casimir Franecki MD', '32038 Jada Park\nGlendahaven, CO 81124', '(233)947-7503'),
(304, 'Miss Kitty Hermiston Jr.', '167 Swaniawski Groves\nWest Jasonmouth, NC 65169-4403', '308.236.2404'),
(305, 'Barrett Schinner', '956 Aric Summit\nPort Giovanna, MD 77772-9161', '1-779-417-585'),
(306, 'Myles Hudson', '902 Kertzmann Crest\nProsaccohaven, OK 11773', '207.318.9561x'),
(307, 'Anastasia Will', '329 Kessler Port\nRosashire, NV 78807', '842.715.6136'),
(308, 'Sibyl Bradtke', '82880 Zulauf Glen\nNaderburgh, CT 49480-1257', '1-385-230-945'),
(309, 'Duane Schaden', '3215 Runte Gateway Apt. 814\nBrakusbury, MA 15433', '01928293355'),
(310, 'Elfrieda DuBuque', '4194 Cormier Manors\nSouth Troy, SC 70146-4180', '(504)943-1706'),
(311, 'Clarissa Barrows', '6582 Krystel Plain\nGoyetteburgh, SC 82894', '1-808-878-596'),
(312, 'Ms. Aubrey Torphy', '693 Bergnaum Rapids Apt. 542\nNorth Elnoraton, NV 45039-9708', '769-626-0440'),
(313, 'Amya Eichmann I', '8587 Bauch Green Suite 097\nLake Conradview, NV 50652', '067-143-4437x'),
(314, 'Josiane Von', '951 Durgan Extension Suite 953\nNew Carlosshire, ND 85853-5602', '(595)696-4558'),
(315, 'Miss Chasity Daugherty', '9149 Brown Summit Apt. 234\nVernchester, VA 75193-7060', '07499134786'),
(316, 'Alfonso Gottlieb', '68167 Fahey River\nMafaldafurt, IA 82029-3306', '1-536-079-843'),
(317, 'Garnett Bergstrom', '217 Justine Terrace\nLeraton, WA 60436-7664', '067-976-9853x'),
(318, 'Ms. Beverly Reichert', '3058 Ruecker Shores\nFaheytown, WY 33941-0655', '(115)371-1492'),
(319, 'Raquel Robel', '004 Kelli Villages\nRoderickshire, FL 71651-6856', '02063044606'),
(320, 'Miss Janis Rohan Jr.', '2966 Kory Spring Suite 618\nWehnermouth, AR 46772-7189', '838-946-7188'),
(321, 'Rusty Stanton', '537 Wehner Trafficway\nSouth Conor, DC 07542', '(616)079-5839'),
(322, 'Dr. Delbert Hodkiewicz', '228 Leonel Shoals\nNorth Raoulshire, GA 61873', '277-900-5854x'),
(323, 'Dr. Jamison Bauch I', '604 Stephen Lodge\nHackettstad, ND 57519-6070', '+86(2)5126172'),
(324, 'Shad Kutch II', '136 Kenna Square Apt. 493\nGloverchester, AZ 69937-0911', '+03(2)8321584'),
(325, 'Lea Conroy Sr.', '685 Prohaska Springs Apt. 293\nJeweltown, NJ 11964-5215', '(242)827-0757'),
(326, 'Cordia Muller', '1618 Trantow Pike Suite 427\nTreutelchester, RI 65871', '1-301-820-723'),
(327, 'Ms. Delfina Walker', '295 Reuben Trail\nFunkton, OK 17632', '+90(0)3085977'),
(328, 'Larissa Torp', '065 Morar Mountains Apt. 418\nKiaraview, HI 02282', '1-879-926-407'),
(329, 'Wade Reichert DVM', '684 Albina Station\nSouth Gregoria, OR 56944-9095', '(349)226-7097'),
(330, 'Wava Brakus', '737 McLaughlin Mountains Suite 119\nSouth Natalie, WA 67360-9857', '894.405.6892x'),
(331, 'Lelah Kling', '8156 Twila Shoals\nSouth Cedrick, WV 94234', '838-934-7491x'),
(332, 'Gisselle Lockman', '9529 Fahey Prairie\nNew Gideon, AR 26659-4641', '08374270407'),
(333, 'Dr. Breana Schuppe IV', '787 Frederick Crossing\nNorth Lloyd, WI 91370', '+75(8)9229121'),
(334, 'Amara Hagenes Sr.', '780 Tillman Place\nAbagailbury, MD 30265-9493', '09301048345'),
(335, 'Mrs. Bridgette Howe Jr.', '4929 Hoeger Cape\nPort Haven, WY 44344-2361', '411-694-0138x'),
(336, 'Viviane Renner', '9051 Darlene Turnpike\nCreminhaven, IL 50188-9897', '(092)802-6112'),
(337, 'Dr. Alaina Kihn', '85899 Grady Track\nPabloburgh, WY 61570-1644', '1-134-667-141'),
(338, 'Mrs. Emily Trantow V', '84672 Bernhard Corners Apt. 310\nNorth Floybury, WV 07616', '343.869.0749x'),
(339, 'Lillian Effertz', '125 Mohr Isle\nSouth Leanna, AZ 82626-4811', '268-949-3374'),
(340, 'Reuben Ward III', '089 Pouros Alley Suite 008\nMayerton, OK 00501-4473', '1-460-061-179'),
(341, 'Ole Macejkovic', '523 Shyanne Viaduct\nLake Jimmieside, CA 83899', '063-196-9708x'),
(342, 'Keara Hammes DDS', '57576 Rice Club\nLake Jonasside, IN 13201-9937', '1-392-022-364'),
(343, 'Prof. Anika Feest MD', '030 Walker Wall Suite 961\nLake Reyna, NC 90990-5011', '(370)161-5027'),
(344, 'Merle Hirthe', '15019 Remington Ramp\nDoylestad, OR 23767', '00939484671'),
(345, 'Keira Bins Jr.', '6441 Misael Forge Suite 209\nKreigerchester, MD 69405', '(927)950-9283'),
(346, 'Twila Davis', '777 Walsh Terrace\nNyastad, MN 40565', '(674)980-6914'),
(347, 'Ansley Bradtke', '40937 Bergnaum Walks Apt. 476\nKrystalborough, WV 84665-6138', '(459)485-9789'),
(348, 'Dr. Shirley Crona', '45585 Kelly Shoal\nJulieburgh, RI 42368-5959', '00909983863'),
(349, 'Maximus Lebsack', '9839 Stroman Terrace\nNorth Emma, MS 31885', '+32(3)6038358'),
(350, 'Alycia Pollich', '20695 Alexanne Drive\nKellenmouth, LA 26280-8078', '941-195-2531x'),
(351, 'Aubrey Dietrich', '40087 Devyn Grove\nZoilachester, WV 66876-2789', '705.897.5040x'),
(352, 'Cortney Streich', '7550 Rippin Spring\nNew Hestertown, PA 01264-6849', '124-304-2209'),
(353, 'Alvena Sanford', '592 Erdman Pines\nWest Brigittechester, OH 46017-9039', '755.310.5867'),
(354, 'Prof. Jaida Toy', '5413 Alta Mission\nShannonville, MO 56716-4944', '1-491-376-927'),
(355, 'Meta Koch', '207 Godfrey Orchard Apt. 238\nNew German, GA 05150', '319.924.4440'),
(356, 'Mr. Harry Thompson III', '79156 Suzanne Rest\nGeovanniburgh, ND 19067', '+00(1)9536306'),
(357, 'Humberto Hamill', '2970 Schaden Forest Apt. 419\nSchowalterland, CA 72425', '00106655728'),
(358, 'Berenice Rath DVM', '5130 Cassie Mill\nMaximillianmouth, NM 98438', '363-688-3028x'),
(359, 'Kaitlin Heathcote', '5303 Mayer Squares\nLynchhaven, AL 21141', '1-659-356-410'),
(360, 'Emanuel Mante', '97364 Katrine Coves\nHandborough, CA 66819', '(729)699-2717'),
(361, 'Brad Jaskolski', '30216 Joy Circles\nBahringerland, MN 27705', '1-601-986-591'),
(362, 'Leann Larkin DVM', '7159 Emily Bypass Suite 971\nNorth Elianechester, SD 14368-6177', '1-402-301-825'),
(363, 'Prof. Hillary Fadel Sr.', '34383 Von Locks\nNorth Genevieve, GA 90918-0360', '(865)087-9964'),
(364, 'Cary Heaney', '568 Dee Vista Suite 095\nMarachester, LA 10383', '(044)645-9257'),
(365, 'Anika Lubowitz MD', '333 Skye Extension Apt. 592\nLake Jaceburgh, NC 33658-0872', '+51(2)4527296'),
(366, 'Rosendo Rowe', '19649 Pfeffer Vista Apt. 919\nEfraintown, NV 49587', '119.737.0402x'),
(367, 'Prof. Kamryn Prosacco PhD', '43731 Frami Center Suite 173\nBinsmouth, ND 77919', '425-511-0457x'),
(368, 'Lester Osinski V', '97418 Hope Via Apt. 333\nFraneckifurt, CO 04760', '+63(8)7752832'),
(369, 'Margaret Pacocha', '75713 Maggio Views Apt. 301\nNorth Vestastad, DC 31798-8505', '1-385-651-228'),
(370, 'Christa Romaguera', '773 Asia Points\nPort Archibald, VT 84527-5190', '902-640-1451x'),
(371, 'Ashtyn Larson', '711 Dietrich Hills Apt. 751\nNew Claudine, TN 65036', '1-292-183-928'),
(372, 'Iliana Ledner', '07655 Jarred Locks\nPort Breanne, SC 66780', '778-104-5722'),
(373, 'Faye Satterfield', '445 Delpha Forest\nWest Milan, MS 57562', '1-830-513-173'),
(374, 'Birdie McGlynn', '9323 Glover Island\nKrystelside, PA 13357', '006-983-5033x'),
(375, 'Dr. Korbin Kunze', '43041 Jaydon Ridge\nDanielleville, MS 25899', '063.739.8058x'),
(376, 'Lacy Marquardt', '2089 Marianne Island\nSouth Garfield, NV 49461-8459', '1-168-760-012'),
(377, 'Judge Gibson', '61916 Uriel Pike\nEast Isabelfort, MD 98695', '1-351-131-496'),
(378, 'Dr. Elliott Veum IV', '64502 Swaniawski Hollow\nDaxberg, CA 78464-1852', '930.999.3977x'),
(379, 'Deanna Grant', '4103 Regan Squares\nNorth Lorenza, NV 91005-6591', '1-244-896-890'),
(380, 'Alexa Donnelly', '41366 Lance Hills\nNorth Gordonfort, NH 61072-2360', '(970)300-8122'),
(381, 'Matilde Fritsch', '47633 Chance Station\nWest Sunny, MN 86534', '446.729.7247x'),
(382, 'Narciso Goodwin', '15478 Keeley Vista\nLake Dino, AR 27527', '(170)498-0760'),
(383, 'Reyes Kuvalis', '7650 Ara Flats Suite 658\nSchoenberg, MO 83345', '320.926.5063'),
(384, 'Tressa Torp I', '912 Mueller Fields\nMyrlberg, CO 97271-2926', '(098)616-3580'),
(385, 'Prof. Will Lowe', '897 Sipes Fields Apt. 949\nPort Juvenal, MA 60220', '913-098-8847'),
(386, 'Dr. Madisyn Aufderhar', '17470 Madisyn Forest\nRivermouth, MT 70336-1490', '1-768-608-654'),
(387, 'Alta West MD', '68938 Mann Crest Suite 899\nLaurineborough, HI 05404', '186-542-0581'),
(388, 'Dixie Veum', '2453 Elna Run\nWildermanberg, DC 17149', '1-843-134-756'),
(389, 'Jessika Borer', '96673 Towne Plaza Suite 022\nVernaville, IL 97388-4141', '03498625742'),
(390, 'Prof. Oral Collier', '827 Ellis Parkways\nLake Rahsaan, MD 22823-1813', '(896)676-8992'),
(391, 'Prof. Chelsie Crooks', '1538 Kasandra Parkway\nWest Cleorabury, MA 37252', '659.050.5018x'),
(392, 'Herbert Nicolas', '66896 Ollie Meadow Apt. 342\nEast Amiyaville, OR 58282-0804', '628.410.8743'),
(393, 'Robb O\'Conner', '174 Mills Valley\nMertzton, NY 27569-5983', '(702)712-0397'),
(394, 'Calista Aufderhar', '86898 Jess Pine\nOraport, MO 16940', '609.133.9545'),
(395, 'Miss Bernadette Daniel V', '2377 Kory Glens Apt. 172\nLake Theresaport, CA 99088-2692', '398-416-9573x'),
(396, 'Bethany Bashirian', '51984 Braulio Brook Apt. 955\nJulianatown, HI 15283-4021', '04337651489'),
(397, 'Donato Bayer', '82905 Jenkins Court\nPort Rowan, TN 86364', '614.002.7257'),
(398, 'Miss Ellie Denesik', '8904 Francis Valleys Apt. 266\nPort Mariane, VA 41823-5988', '1-908-074-857'),
(399, 'Adrianna Pouros', '688 Felix Wells Apt. 631\nDarenfurt, WA 49709', '516.019.4142x'),
(400, 'Ms. Gladyce Hettinger Sr.', '721 Kiehn Junctions\nKundeshire, VA 88630-6670', '(524)312-8259'),
(401, 'Dr. Edwin Dietrich', '09449 Samantha Loaf Apt. 886\nKochport, DE 07121-6122', '(108)832-9140'),
(402, 'Bernhard Kassulke', '64623 Delta Motorway Apt. 799\nPort Gillianshire, NM 37761', '000.106.6140'),
(403, 'Hyman Hirthe', '01396 West Inlet Apt. 092\nPort Mellie, IL 07049', '(576)800-0750'),
(404, 'Ana Crist Sr.', '79308 Gottlieb Flats\nPort Alexane, MT 17759', '708-062-5261'),
(405, 'Kip Wisozk II', '6394 Botsford Turnpike\nWest Keyshawn, AZ 08098', '08015471667'),
(406, 'Jena Daniel', '9153 Aliya Lane\nLake Pietro, CO 05378-9863', '830.555.8132x'),
(407, 'Ms. Margret Oberbrunner Sr.', '548 Wisozk Plaza Suite 080\nJacksonmouth, FL 06079-8666', '+19(9)3123525'),
(408, 'Ozella Mann', '71064 Bogisich Village Suite 980\nDorcasport, NV 67295-4425', '851-358-6585'),
(409, 'Freda Herzog', '400 Zulauf Manors Apt. 505\nCalebhaven, UT 73054-0714', '1-168-004-566'),
(410, 'Clemmie Howe', '0289 Tamara Plains\nSouth Skyla, PA 16937-6054', '698.384.6076x'),
(411, 'Prof. Annabel Gorczany', '33947 Willms Court Suite 544\nSouth Karliemouth, NJ 98011', '(505)318-5450'),
(412, 'Prof. Dayna Morar PhD', '13201 Morissette Route\nPort Pollyfurt, HI 86712', '1-455-744-391'),
(413, 'Benton Bashirian', '8597 Stella Estate Suite 370\nPort Drewborough, ID 59967', '08764237821'),
(414, 'Kiara Kunze', '70870 Tito Causeway Suite 101\nWolffton, WI 87627-3941', '(044)799-5978'),
(415, 'Shayne Wisozk', '502 Jaskolski Course\nPeggieburgh, NM 83785', '024.861.7124x'),
(416, 'Humberto Buckridge', '641 Theron Cape Suite 456\nLake Caroline, WY 51908', '+82(7)4673574'),
(417, 'Prof. Marjolaine Romaguera Jr.', '59915 Shields Fields Suite 305\nCruickshankstad, MT 95204', '746.729.0469'),
(418, 'Eliezer O\'Hara', '99892 Kihn Mission\nAugustusbury, OH 29602', '1-581-790-698'),
(419, 'Karlie Strosin', '23977 Mercedes Fall Suite 268\nEast Kaylinton, AL 93835-1200', '1-610-918-207'),
(420, 'Chasity Barton', '473 Keith Valleys Suite 277\nWest Theobury, MT 94642-0480', '851-603-7542'),
(421, 'Linnie Gottlieb', '133 Lind Expressway\nWest Marcia, RI 17980', '(927)885-8675'),
(422, 'Murl Beier', '60015 Bashirian Street\nPort Alexandrea, DE 12293-9800', '145.544.1450'),
(423, 'Destinee Kuhic', '24506 Andres Port\nDanielport, OK 81667-4434', '480.415.8225x'),
(424, 'Tamara Hoeger Sr.', '3481 Lysanne Lock\nMyaside, MT 63080', '(915)066-6413'),
(425, 'Lonny Roberts DDS', '8931 Alfonzo Crossroad Suite 063\nSouth Jessikastad, MS 89138-0404', '724.265.2841x'),
(426, 'Mr. Orlo Considine', '30872 Leann Way\nBoganburgh, NH 78274', '1-449-419-875'),
(427, 'Matteo Yost', '364 Ludie Spur\nSchowalterside, CT 90352', '1-881-582-474'),
(428, 'Gail Beer II', '963 Dach Summit\nJefferyshire, KY 64787-9456', '967-590-5431'),
(429, 'Ms. Stacy Ratke', '22626 Wehner Stream\nBertrandhaven, VA 62260-5291', '1-731-076-062'),
(430, 'Mina Mann Sr.', '74446 Alanna Run\nSouth Delphine, AZ 80832-7284', '711-284-6147x'),
(431, 'Hoyt Wiza', '4121 Kuhic Islands\nSouth Taureanfurt, NE 22569-2179', '+06(6)2601666'),
(432, 'Belle Raynor DVM', '987 Russell Run\nColestad, ID 02806', '255-500-7154x'),
(433, 'Raleigh Veum', '04402 Hamill Lodge\nLewistown, AK 72060', '+14(0)2416261'),
(434, 'Ms. Aniya Veum I', '505 Casper Run\nNew Jackelinemouth, KY 08963', '(419)067-3689'),
(435, 'Chadrick Donnelly', '5325 Rosemarie Hollow Apt. 908\nJazlynmouth, OK 81530', '218-778-1524x'),
(436, 'Annie Baumbach PhD', '06488 Deron Greens\nEast Makenna, MT 33674', '+90(7)6088279'),
(437, 'Diamond Kuhn MD', '1579 Oceane Ferry\nNorth Lempi, MA 26142', '1-145-751-060'),
(438, 'Lura Cronin', '18113 Stefanie Rest\nNorth Melisamouth, NM 41613', '(450)521-0143'),
(439, 'Miss Katlyn Aufderhar V', '381 Koch Spring\nSchusterport, NY 40318-0399', '1-236-144-291'),
(440, 'Mozell Hettinger', '181 Alexanne Lakes Suite 642\nWest Jolie, SD 55670', '142-536-9006x'),
(441, 'Prof. Jamie Lemke', '6584 Kaci Shore\nPort Vilmaville, IA 94697', '128.794.3984'),
(442, 'Lillian Bogan', '24026 Raheem Harbors\nLake Chris, AK 32660-6457', '1-451-762-789'),
(443, 'Prof. Roma Heller PhD', '633 Gudrun Manor\nNew Wendell, MS 48355-6281', '1-613-568-865'),
(444, 'Daphne Nikolaus', '4420 Rutherford Glen Suite 643\nLake Georgette, SD 25760', '443.602.8704x'),
(445, 'Willa Koepp', '77365 Fahey Path Apt. 235\nGrantborough, NY 15444', '569.113.6412x'),
(446, 'Veronica Willms', '49958 Bruen Junctions\nEast Dinoberg, WA 98811-5705', '(801)634-3253'),
(447, 'Abe Murphy', '1406 Cormier Street Apt. 519\nO\'Harashire, AR 13820', '(856)361-3901'),
(448, 'Meda Crona', '475 Breitenberg Inlet Apt. 474\nPort Wilmaport, VT 47694', '(060)579-0428'),
(449, 'Darien Effertz', '7822 Earnest Crescent Suite 005\nAufderharton, MI 85727', '(400)216-7844'),
(450, 'Vernie McGlynn', '32100 Chris Gardens Suite 538\nWest Nyasia, AL 81934-7055', '01635595969'),
(451, 'Ms. Romaine Rogahn', '4553 Spinka Centers Apt. 460\nSouth Charlie, MT 42733', '+77(1)8179976'),
(452, 'Aurore Kulas', '09360 Cyrus Common Apt. 991\nLake Jordane, NE 90940-5332', '1-104-555-538'),
(453, 'Mr. Elmore Kling', '94194 Marge Trail Apt. 746\nPriceland, NC 11719', '+27(6)5180132'),
(454, 'Mrs. Madelyn Kassulke', '83831 Johnny Forges\nMcClurefort, MO 28586', '398-473-0756x'),
(455, 'Prof. Wilfrid Tromp', '464 Bosco Knolls Apt. 543\nEast Aiden, DC 72315-6993', '1-632-272-873'),
(456, 'Madge Kihn', '03811 Padberg Shoals\nLake Katheryntown, NM 75008-3229', '491.820.6594x'),
(457, 'Name Gerlach', '2084 Easton Trace Suite 845\nSouth Zita, WI 59646', '(920)644-3091'),
(458, 'Miss Ara White DVM', '32694 Monserrat Route\nJacobsonview, KY 80241-1738', '358-857-0371x'),
(459, 'Alex Runolfsdottir', '7983 Kub Lock\nNorth Savanna, TX 38706-1034', '207-461-7753'),
(460, 'Mervin Turcotte', '3655 Krajcik Mills\nGranttown, SD 17675-1344', '1-127-653-577'),
(461, 'Prof. Chaz Hodkiewicz', '92000 Hirthe Ramp\nHeathcoteton, MI 10000', '(243)688-5570'),
(462, 'Rosina Kemmer I', '25692 Daisy Curve\nLeuschkeshire, AR 81295-8916', '785-532-9270'),
(463, 'Lester Balistreri', '88630 Juvenal Mission Apt. 198\nSouth Karolann, MS 10216', '1-721-939-531'),
(464, 'Delta Klocko', '2229 Lucie Place Suite 747\nNew Elmo, TX 55722-5004', '303-909-6775'),
(465, 'Leilani Walker', '8658 Champlin Ranch Suite 892\nWest Mohammad, MD 40853', '502.977.0241'),
(466, 'Mrs. Marcelle Hagenes', '913 Jimmie Center Suite 732\nKlingville, IA 37217', '665.480.2821'),
(467, 'Gilberto Gibson', '921 Elisabeth River Suite 731\nCartwrightfort, IA 50142-9758', '140.749.6727x'),
(468, 'Linwood Zemlak', '380 Kshlerin Turnpike\nNorth Evangelineberg, OH 10176-7061', '(107)553-9471'),
(469, 'Maxwell Ratke', '355 Harley Track\nHayesstad, CT 42862-6794', '061.275.4464x'),
(470, 'Dr. Nona Crist', '201 Diamond Trace Suite 830\nSouth Deshaun, MI 49835-2853', '245-849-8271x'),
(471, 'Rebeka Block', '0941 Adams Summit Apt. 995\nNorth Hilbertfurt, MO 94258-5962', '063.717.7248x'),
(472, 'Kyra Schuppe IV', '78466 Casey Stream Apt. 935\nPort Germanborough, OH 20690-7940', '(542)431-6913'),
(473, 'Marvin Hammes', '455 Dicki Mews\nWest Charityhaven, GA 12182-2115', '418.204.4626x'),
(474, 'Florence Feest', '24373 Dach Freeway\nRoscoeshire, SD 67077-2633', '08373539017'),
(475, 'Ivy Bailey II', '098 Florida Locks Apt. 834\nLednerland, OR 19109-0500', '(667)305-4172'),
(476, 'Dr. Elenora Blick V', '90091 Lakin Dale\nWest Gordonshire, UT 53569-0679', '(940)384-2438'),
(477, 'Dr. Blaise Cassin II', '241 Fisher Isle Suite 761\nHegmannville, NH 17576-4760', '026-778-1861x'),
(478, 'Lafayette Kuhlman II', '07047 Jayne Land\nJordyside, MT 29249', '872-076-9992x'),
(479, 'Camylle Bins', '399 Russel Burg\nNew Torrey, NH 48510', '(981)652-9272'),
(480, 'Cora Gerhold', '8058 Langosh Light\nLake Lillianmouth, TX 71292-3450', '00783789064'),
(481, 'Cody Tillman', '9862 Murazik Estate\nNew Otisfort, HI 19700-0434', '+90(5)6861746'),
(482, 'Vita Hoeger', '2666 Brandon Extension\nHuelland, NJ 32210', '1-281-288-071'),
(483, 'Mrs. Rosalee Hettinger', '331 Coby Meadows\nLake Katharina, NC 51599-2429', '00466052053'),
(484, 'Miss Lorna Bogisich DVM', '04100 Huel Harbors\nKerlukeborough, MN 14132-2730', '541.922.0849'),
(485, 'Paul Paucek', '8263 Gerardo Shoals\nNorth Estrellachester, KS 08578', '812-996-9374x'),
(486, 'Dr. Lura Donnelly V', '80261 Ziemann Hills\nLake Jovan, WV 83778', '056.896.6864x'),
(487, 'Prof. Orville Larson', '20952 Hayes Rue\nWest Gina, MO 81714-2868', '957-316-6772x'),
(488, 'Delores Pfeffer', '751 Grimes Walk Apt. 144\nDockton, VT 01650', '1-980-545-367'),
(489, 'Winnifred Shields', '5572 Kade Trail Apt. 931\nWaynemouth, MS 85346-4610', '(607)269-9703'),
(490, 'Bonnie Bins', '252 Ziemann Locks\nWest Adolphushaven, CO 77782-3538', '824.411.2227'),
(491, 'Dr. Marge Murphy PhD', '26711 Brent Fork\nHeaneyberg, NJ 83015-1619', '415.258.3427'),
(492, 'Marshall Hudson', '3221 Torp Cliff Suite 936\nWest Laverna, VA 43088', '01284723007'),
(493, 'Elliot Stiedemann II', '33783 Hettinger Drive\nPort Hiram, MD 98238', '510-220-4178'),
(494, 'Florence Hills', '315 Stewart Brooks\nMaximeborough, WA 70992-6806', '(438)385-3280'),
(495, 'Prof. Brycen VonRueden IV', '3917 Heathcote Isle Suite 122\nEast Alexys, AK 04163', '603.863.4473x'),
(496, 'Miss Esperanza Mohr MD', '96342 Brekke Plaza\nLake Linneaville, ND 98723-0004', '719.272.8733x'),
(497, 'Ms. Ophelia Balistreri', '56358 Estella Throughway\nNew Waldoland, NC 60232', '353.185.9229x'),
(498, 'Eliane Towne', '27083 Williamson Haven Apt. 210\nMarlenhaven, MI 61224', '1-690-522-075'),
(499, 'Gardner Bahringer PhD', '61106 Huels Fork\nRyderton, VT 52760', '+09(8)2082906'),
(500, 'Meggie Abshire', '70809 Schinner Station\nSouth Claudiashire, MD 50736-6183', '041.089.6789x'),
(501, 'Trevion Farrell', '36838 Herman Trafficway\nGarettfort, DE 75240', '294.854.7633'),
(502, 'Prof. Jaqueline Greenholt I', '734 Layla Harbors Apt. 051\nCorwintown, IN 20337', '05655169252'),
(503, 'Moriah Wintheiser', '9887 Columbus Key Suite 234\nBergnaumborough, ND 18457-7942', '1-050-916-647'),
(504, 'Aaron Jacobson II', '456 Cordie Throughway\nPort Lorena, GA 01434', '1-387-908-967'),
(505, 'Mrs. Cheyenne Nitzsche', '8278 McClure Flat Apt. 330\nPort Angeline, CA 24166-3436', '1-754-020-167'),
(506, 'Dewitt Aufderhar', '6202 Rohan Mall\nSanfordland, ME 54619-9304', '1-053-365-304'),
(507, 'Keely Parker', '5169 Kessler Manor Suite 558\nWest Marquisemouth, RI 51064-6077', '323-604-9627x'),
(508, 'Dr. Ross Shields', '35839 Meagan Shoal Suite 905\nNew Magdalenaville, KS 34410-7093', '472-293-6145'),
(509, 'Prof. Ubaldo Homenick', '05253 Willis Oval\nPort Nasir, LA 32360', '1-558-809-308'),
(510, 'Lon Oberbrunner DDS', '78957 Bosco Passage Suite 735\nLake Omariberg, NH 56690', '1-040-270-863'),
(511, 'Presley Nader', '9426 Ramon Summit Suite 579\nThompsonbury, GA 69812', '02401910274'),
(512, 'Reina Gleason', '061 Nyasia Plaza\nSandrinemouth, VT 94444-4628', '(387)797-0974'),
(513, 'Ryleigh Sawayn', '62834 Dion Ville\nWisokystad, ND 31942', '05196625851'),
(514, 'Aurelia Herman', '74659 Gleichner Port\nPort Ruth, ND 65773', '08958212693'),
(515, 'Britney Olson', '89583 Will Plains\nWest Bernie, DE 54368-7512', '(143)826-1904'),
(516, 'Arvid Halvorson', '3485 Murray Canyon Suite 793\nGrahamshire, WV 78704', '+39(6)3821559'),
(517, 'Tania Volkman', '388 Moore Hollow\nNew Catharineborough, NM 04518', '157-340-0859x'),
(518, 'Alexandra Nikolaus', '429 Stamm Roads\nEnriquestad, VA 82986', '1-030-717-674'),
(519, 'Prof. Deanna Abshire II', '1014 Schneider Glen\nNew Nathanial, AZ 04728', '542-545-4050x'),
(520, 'Cleve Wilderman', '04532 Bernadine Motorway Suite 667\nLake Ginatown, NH 58614', '1-556-540-699'),
(521, 'Roger Schroeder PhD', '4670 Prohaska Pass\nCarlottachester, FL 58772', '(704)681-0842'),
(522, 'Cade Sauer', '558 Runolfsson Mountains\nDaijamouth, NV 20898', '1-772-170-059'),
(523, 'Zaria Hintz', '366 Harvey Village Apt. 264\nNorth Leeberg, ID 34288', '989.565.7893x'),
(524, 'Prof. Jessie Koch', '79242 Kirk Hollow\nWest Alannaview, OH 54420', '545-427-6481x'),
(525, 'Dr. Willa Fadel II', '154 Magnus Village\nLake Alexandreastad, ND 90965', '(034)342-0411'),
(526, 'Sigrid Daniel', '3171 Maggio Square Apt. 544\nWest Erling, IN 74474', '131.595.1735x'),
(527, 'Kellen Heidenreich', '0009 Feeney Station\nDonnellystad, VT 71658', '05292022132'),
(528, 'Miss Lucile Lehner', '2407 Alexandre Expressway Apt. 464\nHesselshire, WA 36839', '022-163-1757x'),
(529, 'Mrs. Madeline D\'Amore', '936 Malinda Parkway\nStrosinside, KY 34219-5309', '1-531-877-375'),
(530, 'Burnice Cummerata', '244 Turcotte Center\nNew Leann, WV 19169-8194', '(671)941-4520'),
(531, 'Prof. Amely Keebler IV', '953 Camille Street\nEast Georgette, KS 82892-5352', '(753)754-1488'),
(532, 'Mathew Schulist', '48349 Mayer Corners Suite 358\nReynoldsfurt, DC 88810-0325', '(324)945-4142');
INSERT INTO `pelanggan` (`id_pelanggan`, `nama`, `alamat`, `no_telephone`) VALUES
(533, 'Ferne Rogahn', '917 Aufderhar Harbor Suite 568\nPort Mohammadmouth, MA 19871-4360', '(162)877-6617'),
(534, 'Seamus Williamson', '98675 Dibbert Hollow\nManteville, MD 11538-9718', '+74(9)7498905'),
(535, 'Kiana Kovacek', '0153 Bennett Road Apt. 008\nEast Kathlynland, PA 15276-0242', '716.254.4275x'),
(536, 'Anjali Keebler II', '895 Zander Tunnel Suite 764\nBeverlyview, HI 59598-1157', '08709367141'),
(537, 'Tianna Walter', '103 Russ Avenue Apt. 175\nLakinmouth, UT 36964', '1-701-062-690'),
(538, 'Herta Waelchi DVM', '573 Lang Mountains Suite 865\nHayleeberg, IN 44672-8393', '433-226-8024x'),
(539, 'Dr. Tiana Swaniawski DVM', '9131 Bernier Fork\nLake Trace, PA 83906', '1-359-627-782'),
(540, 'Imelda Johns', '53193 Lueilwitz Locks Apt. 334\nLarkinmouth, NY 93073-4956', '341.588.7935'),
(541, 'Kelli Hansen', '17476 Flo Forks\nNew Constantinview, AR 86314-3905', '768.466.0285'),
(542, 'Andrew Brakus', '90203 McLaughlin Glens\nPort Maryse, FL 61372-2396', '(024)003-5269'),
(543, 'Shannon Kessler', '092 Lesch Oval\nNicolachester, GA 85190', '(132)721-6836'),
(544, 'Cole Hyatt Sr.', '9554 Laverne Junction Suite 564\nVolkmanville, HI 30682', '(703)321-2598'),
(545, 'Dr. Rocio Klein', '535 Tess Unions\nNew Lawson, AK 41007-7437', '1-897-018-750'),
(546, 'Maye Treutel', '86838 Ryan Mission Apt. 589\nKurttown, RI 74122', '08515472575'),
(547, 'Mrs. Alison Kiehn DVM', '216 Quigley Path Suite 470\nNew Vidalside, ME 68683', '1-976-471-259'),
(548, 'Melany Jenkins', '34375 Lorenzo Drives\nAlizeborough, NY 74210', '691-832-5292'),
(549, 'Lempi Boyer', '1232 Bartoletti Spur Apt. 960\nSouth Ruth, AR 64987-5613', '912.193.2819x'),
(550, 'Lorena Stehr', '67980 McLaughlin Vista\nGreenfelderville, WV 22599', '1-408-292-312'),
(551, 'Josue Zemlak', '837 Stamm Ranch Apt. 993\nEast Garrick, CT 62360-7418', '(969)533-7806'),
(552, 'Ettie Dooley V', '0906 Brisa Hill Apt. 783\nEwaldville, KY 53035', '077-234-5440x'),
(553, 'Clifton Swaniawski', '89825 Kaley Court Suite 188\nEllaport, KS 57799-9025', '983-237-5853x'),
(554, 'Raegan Hintz', '0152 Newell Turnpike Apt. 165\nGulgowskiside, TN 56825-5982', '(261)009-4163'),
(555, 'Morgan Funk', '4517 Kozey Centers Suite 954\nNew Theresastad, NJ 32577', '313-965-4923x'),
(556, 'Abe Miller', '4311 Heath Inlet\nWest Lynnburgh, IL 37294', '982-823-0123x'),
(557, 'Prof. Abby Leuschke Jr.', '44605 Dillon Cliff Suite 840\nKuhlmanmouth, KY 13159-4710', '1-514-021-941'),
(558, 'Dr. Sandrine Langworth II', '03600 Stehr Viaduct\nDenesikland, NE 87418-8419', '(912)357-5407'),
(559, 'Allen Moen', '3891 Abernathy Station Suite 853\nWest Bretside, MI 31606-5238', '1-716-833-186'),
(560, 'Celia Weissnat', '728 O\'Conner Rapids Apt. 866\nIanfort, TX 14687', '340-642-2220'),
(561, 'Kari Rowe', '928 Eryn Wall Apt. 405\nEast Kayliborough, VA 67130-1076', '615.910.4733x'),
(562, 'Olen McCullough', '4155 Connelly Corners Suite 698\nBrownville, MN 54390', '094-364-7070x'),
(563, 'Polly Parisian', '8159 Mertz Spur Apt. 541\nSouth Alvina, WA 44118', '1-721-655-862'),
(564, 'Courtney Flatley', '893 Flavio Plain Apt. 734\nDurganstad, DE 89440', '01358943074'),
(565, 'Giovanna Beer', '650 Sauer Heights\nEast Tomas, IL 00118', '601.870.0216'),
(566, 'Miss Hilda Kris', '37614 Monahan Mill\nWardtown, MD 60407', '285-560-4066'),
(567, 'Zachery Erdman', '651 Omer Key Suite 048\nNorth Althea, FL 36452', '251-260-1755'),
(568, 'Melvin Osinski', '59422 Brisa Courts Suite 263\nAnkundingfurt, CT 48942', '882.543.3568x'),
(569, 'Ida Harber', '425 Hartmann River Suite 696\nHyattport, WV 03730', '833.929.0736x'),
(570, 'Taya O\'Kon', '550 Florine Overpass Apt. 979\nElverafurt, CA 94057', '273-861-3865x'),
(571, 'Hunter Barrows Sr.', '656 Imani Cliffs\nWest Meredith, SC 76984', '(925)483-7000'),
(572, 'Dr. Margarete Marvin V', '877 Runolfsdottir Crossroad\nSouth Abigaleburgh, WA 76966', '1-641-301-260'),
(573, 'Juston O\'Conner', '7530 Crist Meadow Apt. 781\nEast Darrentown, NY 58675', '980-834-2633x'),
(574, 'Prudence Langosh DVM', '162 Roberts Burgs Suite 858\nArianehaven, MN 24288', '05604892621'),
(575, 'Bryana Cassin', '9021 Luettgen Mission\nNorth Rosina, DC 01743-7196', '870.221.6034'),
(576, 'Rebeca Hoeger', '0661 Davion Junction Suite 239\nLake Cristina, ID 70945-4897', '+56(6)8778301'),
(577, 'Brittany Durgan PhD', '065 Hammes Mission\nHudsonton, VA 82312-2227', '768-482-3536'),
(578, 'Seth White I', '06441 Haley Motorway\nWymanmouth, OH 83949-5330', '(084)408-6336'),
(579, 'Bridget Champlin', '897 Polly Falls\nJoesphtown, NE 26375', '1-680-308-701'),
(580, 'Prof. Annabell Cummerata II', '081 Hilpert Stream\nSouth Margueritetown, LA 64822', '376.483.8614x'),
(581, 'Simone Torp MD', '0810 Loraine Ferry Apt. 357\nCoyborough, MT 41082-7650', '03994088697'),
(582, 'Dimitri Runte', '30001 Swift Hill Suite 885\nEmardton, RI 21717', '+16(9)0066065'),
(583, 'Breanne Bergnaum', '65103 McCullough Circle\nCieloshire, OK 74919-3644', '739-038-3185x'),
(584, 'Prof. Linnie Ferry I', '9120 Nathan Forges\nEast Valerie, MS 76885-6942', '184-937-8161'),
(585, 'Dr. Sheridan Zulauf', '5119 Mills Mount Suite 972\nGutkowskiville, DE 36663-2915', '1-120-787-950'),
(586, 'Rodrigo Sauer', '72494 Sanford Lodge\nPort Leif, MN 84840-2809', '1-866-163-042'),
(587, 'Ms. Karianne Wilkinson I', '2596 Hane Glen\nLulushire, SC 14762', '00294777887'),
(588, 'Prof. Ronny Nicolas I', '4293 Stiedemann Island Apt. 478\nStromanville, NM 94631', '976-272-2692x'),
(589, 'Raul Stroman Jr.', '891 Sierra Garden\nEmmerichshire, SD 24356-5829', '(642)820-3170'),
(590, 'Abdullah Schinner', '0455 Dominic Lock\nNorth Londonside, NC 87820', '1-068-910-429'),
(591, 'Dr. Jerrold Quigley III', '258 Koch Cliffs\nSusiemouth, WI 22958-7941', '900.777.0252'),
(592, 'Mrs. Gregoria Strosin', '4656 Leannon Crossing Suite 286\nGradyton, OH 20801', '+93(0)8141487'),
(593, 'Jayden Emard', '82627 Juwan Neck Apt. 137\nNew Sanfordhaven, AR 08062', '(660)822-3816'),
(594, 'Arthur Kessler', '634 Walsh Parkways\nGerlachmouth, KS 05410-2380', '1-399-677-482'),
(595, 'Mr. Alexander Hamill', '42019 Simonis Plaza Suite 554\nLake Icie, NE 70968', '(644)147-7390'),
(596, 'Electa Bergstrom', '46247 June Rue\nSouth Eleanora, NH 89724-7440', '1-494-768-852'),
(597, 'Mireya Thiel V', '558 Auer Brooks Apt. 369\nNew Dillon, SC 28430-3178', '+74(3)2353548'),
(598, 'Izaiah Hilpert', '25798 Schoen Inlet Apt. 488\nIzaiahtown, HI 43025-0871', '06780668711'),
(599, 'Raul Ryan', '1568 Rosenbaum Station Apt. 950\nKenyattaburgh, KS 32952', '+10(1)0179793'),
(600, 'Gianni Ratke', '9893 Dach Ramp\nEast Deangelofurt, WY 34123-9003', '(956)810-5033'),
(601, 'Beth Dare', '3776 Jerde Bypass\nSouth Lulabury, ME 86108', '703-878-5818x'),
(602, 'Jaquelin Crist', '7520 Haag Lake\nEast Otiliatown, DC 35141', '(557)048-9905'),
(603, 'Prof. Trinity Marquardt', '221 Koch Inlet\nLake Ivorymouth, NV 44873', '056.808.8935x'),
(604, 'Tamara Crona', '8559 Boyer Hill Suite 226\nNorth Marlonborough, MO 07731', '1-225-020-678'),
(605, 'Benny Mraz', '9681 Bernie Shore Apt. 030\nPort Rocky, MA 12395', '1-478-456-290'),
(606, 'Ignacio Powlowski', '30443 Arden Estates\nNorth Clarissabury, ME 05785-7915', '01123350703'),
(607, 'Meggie Berge', '79037 Belle Loaf Apt. 925\nJosefinatown, TN 82602', '1-037-785-190'),
(608, 'Braeden Vandervort', '41652 Hettie Villages\nLornastad, MN 69390', '161.045.0848'),
(609, 'Mr. Demond Bahringer Sr.', '52068 Monserrat Burgs Apt. 466\nThurmanshire, NV 22426-1194', '1-249-393-937'),
(610, 'Aida Jerde', '007 Pagac Burg Apt. 773\nCronatown, WV 70027-6793', '1-507-301-973'),
(611, 'Olen Sawayn', '622 Jewell Extension Apt. 339\nBradtkeport, WV 56932-8048', '790-491-1594x'),
(612, 'Jannie Dickens', '87993 Kelley Parkway\nSouth Idellshire, FL 63424-3532', '01667024487'),
(613, 'Aileen Ebert', '31855 Daniel Terrace Suite 979\nNew Krista, SC 34430', '201.391.8521'),
(614, 'Prof. Geraldine Beer', '903 Manuela Flats Apt. 168\nNew Bellaview, DE 57042', '614.097.2404x'),
(615, 'Emma Hirthe', '369 Rolando Knolls\nLake Magalihaven, AR 90332-1241', '1-354-494-020'),
(616, 'Golda Murphy', '55731 Mateo Garden Apt. 173\nLake Kristoffermouth, MO 40570-6373', '1-772-062-052'),
(617, 'Constantin Haag', '1030 Greyson Village\nNew Pedromouth, CA 85341', '063.267.7056'),
(618, 'Maximillian Jones II', '25596 Ritchie Mountain Suite 312\nWest Emmanuel, AZ 27183', '1-024-418-658'),
(619, 'Ayden O\'Kon', '7302 Gerlach Fords\nKoelpinchester, ME 23467-7556', '(263)147-3953'),
(620, 'Florida McClure', '30340 Hanna Squares Apt. 313\nNew Valentina, VT 18233-1828', '(520)392-2590'),
(621, 'Miss Alvera Cassin', '41010 Howard Freeway\nMandyfort, MI 26390', '1-025-433-812'),
(622, 'Christy Mitchell', '18948 Cruickshank Spur\nNorth Annafurt, UT 17407', '+77(5)8746571'),
(623, 'Sabryna Raynor DDS', '32766 Ross Ford Suite 870\nIsomport, VT 74570', '00415701719'),
(624, 'Mr. Kenyon Wolff', '2849 Cydney Glen Suite 751\nDareton, WA 22930-4307', '(835)331-2910'),
(625, 'Seamus Ritchie', '600 Langworth Corners\nDeshaunbury, IL 02753-8645', '975.618.5580'),
(626, 'Wilma D\'Amore', '035 Mraz Crescent\nDeehaven, WI 03566', '601-106-3580x'),
(627, 'Ima Ziemann', '48590 Hamill Views Suite 617\nCamronville, TX 21008', '(168)592-1787'),
(628, 'Dr. George Kerluke', '479 Berta Land\nLeilastad, RI 38503', '(358)467-5748'),
(629, 'Joana Witting IV', '70575 Douglas Spurs\nSchadenburgh, SC 56867-0395', '1-866-816-467'),
(630, 'Cecelia Gislason', '0114 Jamison Garden Apt. 348\nPort Elise, KY 99750-4983', '740.719.5315x'),
(631, 'Beryl Beer', '306 Orn Circle\nNew Tiffany, CA 02041-0913', '020-888-7129x'),
(632, 'Prof. Adolfo Hermann I', '89905 Rita Oval\nSchustershire, IN 54552-5198', '1-021-606-388'),
(633, 'Mrs. Melyna Smitham DVM', '363 Daugherty Drive\nNorth Odellmouth, TX 46848-0873', '332.732.2616'),
(634, 'Madie Considine', '779 Lavada Well Suite 308\nSouth Roma, AL 01075-7104', '981-927-0209x'),
(635, 'Kallie Shields', '1737 Beier Cliff Suite 641\nWest Watson, ME 85011-9337', '(141)285-7272'),
(636, 'Ethan Larson', '10322 Tyree Extensions Suite 003\nKarleestad, RI 84604-6598', '01596325516'),
(637, 'Mr. Theo Emmerich III', '282 Rafael Valleys\nEast Jayme, CT 73981', '1-178-010-920'),
(638, 'Prof. Hans Gleichner II', '760 Nicolas Burgs Apt. 700\nChristophehaven, NH 99197', '971.158.8404x'),
(639, 'Marley Powlowski', '903 Ari Locks\nElmiramouth, KS 69136', '588-816-7236x'),
(640, 'Loma Rempel', '3442 West Mews\nJonesstad, NV 56245', '501-853-6283'),
(641, 'Prof. Marielle Nikolaus Sr.', '933 Henri Roads Suite 482\nEast Kaylee, WV 96858', '1-174-728-468'),
(642, 'Prof. Tiffany Davis', '050 Helmer Alley\nSouth Jayson, GA 78557-1844', '644-348-4933x'),
(643, 'Juwan Berge V', '117 Rodrigo Spurs Suite 368\nZulaufshire, AK 98493-6823', '172-674-3339x'),
(644, 'Makayla Thompson', '976 Rylan Summit Suite 783\nWest Palmaborough, OH 50138-2113', '747-858-2388'),
(645, 'Chandler Witting', '1110 Thelma Well\nKunzeberg, MN 96625-2856', '(984)619-3054'),
(646, 'Chelsey Schultz', '9155 Drake Point Suite 720\nLuettgenmouth, FL 20676', '297-537-7682x'),
(647, 'Miss Gudrun Kuhlman', '38497 Helene Manors Apt. 051\nNew Constantin, RI 66864-7107', '1-716-940-237'),
(648, 'Jeanie Bins', '5409 Boyle Parkway Apt. 889\nEffertzfurt, LA 80948', '+56(8)2604043'),
(649, 'Cathryn Towne', '50647 Nitzsche Curve Suite 202\nEast Abner, NC 70601', '(701)861-8234'),
(650, 'Dr. Otho Thiel DDS', '55448 Randi Dam Apt. 858\nEast Aniya, RI 42263', '420.213.0966'),
(651, 'Lula Mertz', '9013 Hegmann Forks Apt. 332\nNorth Luciano, IA 07906', '+23(2)0955301'),
(652, 'Verla O\'Connell', '206 Rippin Mission Suite 110\nKaciton, HI 41786', '812.142.1366x'),
(653, 'Adrian Hackett PhD', '2225 Abbigail Via\nGrahamview, CT 38950', '1-153-332-471'),
(654, 'Aniya Klocko III', '7482 Frances Trafficway Apt. 069\nLilianport, NE 59601-3529', '06607787093'),
(655, 'Dr. Russ Stiedemann Sr.', '30709 Kamille Islands Apt. 546\nPort Jermeyfurt, AL 85687', '1-960-145-798'),
(656, 'Devyn Kautzer', '7723 Bogan Via Apt. 323\nCarlosbury, HI 45421-5898', '(135)220-7583'),
(657, 'Hiram Keeling', '769 Weldon Skyway\nNorth Kellen, IN 91223-8143', '1-441-708-533'),
(658, 'Ola Wiegand', '72364 Gaylord Crest\nMrazburgh, AK 91063-9429', '(994)640-0126'),
(659, 'Prof. Talon Thiel IV', '8186 Sanford Burgs\nLake Dortha, RI 04078-4485', '775.589.8383x'),
(660, 'Mr. Keenan Ruecker', '8325 Connelly Island Suite 241\nJaunitaport, CO 26268-2415', '(329)387-3503'),
(661, 'Stella Koch II', '45117 Milo Stravenue Apt. 032\nNew Chynaport, SD 74112-4321', '519.669.8232'),
(662, 'Prof. Delores Schneider', '6452 Tremblay Port\nWest Lora, IL 42230', '+54(8)8751410'),
(663, 'Kira Reilly', '77175 Ahmed Crest Suite 273\nPort Rupert, MA 08257', '926.501.5534x'),
(664, 'Price Tremblay', '38155 Leanna Mountain\nKlockoberg, IA 72407-3890', '538.062.7630'),
(665, 'Dr. Vincent Bergstrom II', '62476 Gerson Heights\nAniyaland, MS 77133', '658-300-5544x'),
(666, 'Prof. Freeman Mann', '613 Winifred Station Suite 440\nSouth Tillman, AZ 01540-1881', '+69(8)2043693'),
(667, 'Luther Hane', '1437 Sabrina Inlet Suite 576\nEraside, FL 03619-9157', '950-569-6951x'),
(668, 'Nicholaus Hayes', '8198 Vivianne Pine\nBurnicetown, MS 70851', '(186)128-9594'),
(669, 'Antwan Marks', '53038 Terrence Throughway\nFerryberg, MT 45327-7758', '(262)738-5977'),
(670, 'Dorthy Hodkiewicz', '361 Conroy Pass Suite 248\nNew Lelaport, MO 12699-4807', '1-518-632-784'),
(671, 'Domenico Osinski', '670 Citlalli Skyway\nEmmerichmouth, KY 06736', '965-548-7336x'),
(672, 'Dr. Garth Torp I', '049 Rice Extension\nStiedemanntown, MT 83391', '972-163-6770x'),
(673, 'Rozella Reynolds', '75138 Robel Land Apt. 070\nLake Vicentabury, CA 61619-0415', '952-142-8120x'),
(674, 'Cameron Dickens', '861 Fadel Drive Suite 389\nWest Magdalenmouth, TX 06374-3876', '700.299.3424'),
(675, 'Prof. Cortez O\'Kon', '7848 Ruthie Key\nEast Gerry, NM 34056-3420', '02638275291'),
(676, 'Geovany Denesik Jr.', '2403 Colleen View Suite 761\nRogersville, PA 52133', '(512)512-1389'),
(677, 'Kirstin Schuster V', '029 Gulgowski Island Apt. 745\nEast Einoport, MS 47443', '429-549-1404'),
(678, 'Hassie Wilkinson', '58919 Kilback Station Apt. 357\nMedhurstmouth, HI 30832-8472', '573-763-1591x'),
(679, 'Dr. Velva Powlowski I', '05560 Macejkovic Brooks Apt. 694\nNew Grover, TN 82239', '(908)258-2970'),
(680, 'Prof. Clay Senger', '655 Renner Junctions Suite 578\nEast Khalid, RI 04213-0132', '433.693.3666'),
(681, 'Philip Heathcote', '12953 Marks Walks Apt. 965\nRennerside, AL 31269-9633', '1-916-637-330'),
(682, 'Dr. Mireille Lockman', '1788 Nolan Crossing\nPort Emmettport, AK 56397-0896', '1-196-032-439'),
(683, 'Dennis Zulauf Jr.', '933 Herman Isle\nFidelfort, VA 61123-3019', '126-767-2123x'),
(684, 'Jaren Gutkowski PhD', '11936 Stoltenberg Parkways\nLake Bernice, WY 98425-0330', '1-718-276-228'),
(685, 'Frankie Heidenreich II', '7496 Mikel Union Suite 030\nLake Lemuel, IL 25509', '(207)445-4434'),
(686, 'Mrs. Molly Davis', '794 Little Course\nPort Xavier, NE 88316-9768', '08891939722'),
(687, 'Emery Stanton', '039 Connelly Wall Suite 183\nNorth Joannyborough, AK 04937-8097', '(647)411-3312'),
(688, 'Prof. Maxine Veum', '965 Nelle Highway\nWest Jayda, CO 36401-8945', '469.495.9783x'),
(689, 'Jovan Mosciski', '60451 Parker Manor Suite 404\nLindhaven, CT 98335', '249-968-6598x'),
(690, 'Laura Quitzon Sr.', '0581 Grant Mall\nModestaside, MD 20892-8636', '1-878-880-947'),
(691, 'Dr. Lonnie O\'Kon Sr.', '092 Armstrong Tunnel\nWalterton, CO 14669', '(774)737-9066'),
(692, 'Alexandro Prosacco', '7898 Mya Flat Suite 034\nJakobmouth, CT 58996', '476.397.4767'),
(693, 'Flossie Hermiston', '645 Laurence Fort Suite 628\nBergeshire, DE 27472', '(508)014-6676'),
(694, 'Lexi Lockman', '0839 Geovanny Cape\nBreanneville, WI 31656-5110', '985.324.8377x'),
(695, 'Omer Wyman IV', '2051 Eloisa Valley Suite 499\nLindchester, MN 02671', '278-278-7660x'),
(696, 'Walter Nicolas', '60235 Hoeger Valley\nMannland, KY 72828', '(552)224-2267'),
(697, 'Tito Ratke', '0649 Gibson Union\nEmmerichmouth, NE 34652-8829', '06590677278'),
(698, 'Abbie Mohr II', '75047 Dimitri Road\nNew Merrittfurt, DC 03006-0658', '406.063.4971'),
(699, 'Mr. Waldo O\'Hara MD', '375 Metz Shoals\nWestport, MS 11162-1614', '(923)929-6407'),
(700, 'Dr. Kieran Bailey DVM', '435 Winifred Bypass\nSouth Lizeth, SD 50816-3521', '536.600.8401'),
(701, 'Dr. Estevan Beatty PhD', '134 Kuhic Bypass\nLake Spencer, MN 17239-9312', '1-098-992-000'),
(702, 'Clement Kertzmann', '113 Berta Crossroad Suite 882\nNew Murrayborough, CO 11752-6073', '924.208.5052x'),
(703, 'Virginie Kreiger', '634 Marks Coves\nNorth Dessiefurt, MI 44677-1469', '1-740-861-658'),
(704, 'Lesly Ryan', '63659 Garfield Ford Apt. 779\nAracelimouth, WI 12376', '1-195-014-802'),
(705, 'Magnus Kulas III', '5121 Elroy Drive Suite 934\nEast Rhett, CA 41489-8372', '(640)068-2133'),
(706, 'Petra Bashirian', '75616 Ayden Passage Suite 681\nElmiraville, ME 86474-3025', '(389)155-5633'),
(707, 'Bettye Mraz I', '994 Lang Shore Apt. 147\nSouth Aydenshire, AK 33718', '01317543769'),
(708, 'Sid Greenholt', '056 Kaya Drive Apt. 105\nNew Noe, KY 29947-8185', '215.929.1841'),
(709, 'Mr. Rowland Heathcote', '3406 Thalia Shore Suite 840\nEast Jacksonton, RI 46493-7065', '(635)997-6886'),
(710, 'Chelsie Kassulke', '825 Smitham Greens\nPort Arno, IL 40020', '+94(6)0883940'),
(711, 'Marie Spencer', '94778 Skyla Ferry\nErikview, OK 68970-6183', '(862)003-2865'),
(712, 'Catalina Bernier IV', '2307 Dominique Neck Suite 013\nSouth Odieburgh, VT 08954-4123', '216.859.7037x'),
(713, 'Tomas Schamberger', '999 Adah Stravenue\nCassinport, AK 90741', '(904)912-0587'),
(714, 'Prof. Danielle Heller MD', '784 Cole Loop Suite 992\nSouth Kevon, FL 80902-4287', '1-997-403-170'),
(715, 'Hettie Stehr IV', '4301 Dooley Meadows Apt. 657\nEinarview, MD 50325', '024-599-7328x'),
(716, 'Bonita Daugherty', '1868 Cole Junctions\nAnkundingbury, AZ 36206-1734', '800-069-9207'),
(717, 'Ms. Paige Lubowitz', '7955 Aliza Station Suite 912\nNorth Ernestinestad, UT 61764', '01014809031'),
(718, 'Velma O\'Keefe', '5017 Treutel Island\nRyanfurt, ID 12900', '(557)794-6581'),
(719, 'Roberta Hamill', '11350 Orville Points Apt. 684\nO\'Connellside, GA 59190-6788', '1-602-664-467'),
(720, 'Oswaldo Schowalter', '647 Haley Passage\nGoyetteville, OH 64153-6373', '265.707.5928x'),
(721, 'Mr. Cyrus Osinski IV', '09075 Mertz Dale Suite 443\nLake Ransom, ME 63665', '825-970-0946x'),
(722, 'Dr. Emmanuel Luettgen', '1896 Flatley Square Apt. 408\nNorth Jessybury, AR 62288-2330', '490-431-2532'),
(723, 'Vicenta Nitzsche DVM', '6926 Celia Forge Suite 529\nRaymondberg, NJ 03752-8953', '(456)707-4061'),
(724, 'Dr. Omari Daugherty', '36226 Julian Drive\nOdabury, NJ 48381', '(971)523-8141'),
(725, 'Sienna Jenkins', '9932 Mertz Avenue\nLueilwitzport, IN 79407', '425.330.5797'),
(726, 'Diego Pagac', '41909 Bernhard Estates\nBonnieside, NC 54393-8880', '(111)487-8574'),
(727, 'Esperanza Kirlin', '597 Conroy Ridge\nLake Shyanneshire, TX 57902-7353', '(211)150-8237'),
(728, 'Gerry Schamberger', '052 Aniya Station\nSuzannemouth, ME 59710', '(769)285-6026'),
(729, 'Cathryn Klocko', '1676 O\'Keefe Brooks\nKunzefort, AL 90814-9424', '(025)711-2359'),
(730, 'Shaniya Beier', '08137 Raynor Points Apt. 953\nLake Halie, NJ 22914-8437', '446-719-8153x'),
(731, 'Grover Stanton', '39486 Neal Wells Suite 293\nGoyetteton, NJ 02398-3275', '(526)134-8156'),
(732, 'Miss Yadira Bogisich', '05199 Swaniawski Plains\nSouth Imelda, OH 47273', '(333)328-5647'),
(733, 'Dr. Glennie Auer PhD', '75211 Altenwerth Rapids\nEast Carmelside, CT 77500-7196', '249.275.9682x'),
(734, 'Prof. Javon Rempel II', '4914 Moore Fords\nNorth Freddieborough, CT 84308-0423', '276-609-7405x'),
(735, 'Prof. Oren Schaden', '080 Hayes Forge Apt. 395\nPouroshaven, WA 85626-9469', '(379)358-4824'),
(736, 'Gudrun Green', '11839 Stanton Rue Apt. 695\nEast Mozell, NE 96450-9146', '02319212744'),
(737, 'Dr. Guido Kozey', '0098 Ephraim Springs\nChancefurt, NV 88235', '196-643-7671x'),
(738, 'Eliza Kuhlman', '297 Wisozk Pines\nWest Shanetown, SC 67236', '08655262436'),
(739, 'Heath Nicolas', '13508 Hahn Forge Suite 488\nNew Sister, MS 15124', '1-325-647-352'),
(740, 'Prof. Kirk Ondricka IV', '80125 Jakubowski Cape Apt. 178\nNorth Lilyan, OR 08003', '(051)792-2472'),
(741, 'Gloria Schaefer', '5741 Ervin Points\nBeerchester, NH 13752', '743-397-3436'),
(742, 'Mrs. Gisselle Kling DVM', '27220 Reichel Manors Suite 862\nNew Wardland, WV 28548', '(309)721-1036'),
(743, 'Jenifer Sawayn DDS', '100 Maida Plaza\nForrestmouth, CO 50405-2380', '685-767-9696x'),
(744, 'Ms. Anastasia Schmeler', '3958 Darian Lights\nGissellestad, WY 87454-3290', '07755136144'),
(745, 'Mckenna Bosco', '05228 Feest Causeway\nWillmsstad, NM 77370-7833', '247.148.8418x'),
(746, 'Wellington Kutch', '6465 Zora Haven Apt. 826\nWeimannview, IL 36881', '(299)998-4108'),
(747, 'Buford Stoltenberg', '673 Sarai Union Apt. 656\nCathrineland, KS 86163', '(008)629-5618'),
(748, 'Ms. Winona Effertz', '40236 Beatty Haven Suite 862\nEast Dorcas, OH 91734', '282.898.8424x'),
(749, 'Lane Turcotte I', '85860 Isabell Loaf Suite 769\nAlexandriafort, OH 21579', '194-016-6061x'),
(750, 'Amely Adams', '30899 Kirsten Shores Suite 720\nCamilaland, MS 96568-1419', '542-450-0412'),
(751, 'Juliet Stiedemann', '47912 Adrienne Vista\nSouth D\'angelo, DE 24318', '(378)270-4172');

-- --------------------------------------------------------

--
-- Struktur dari tabel `pembatalan`
--

CREATE TABLE `pembatalan` (
  `id_pesanan` int(11) NOT NULL,
  `jumlah_refund` int(11) NOT NULL,
  `tanggal_pembatalan` timestamp NOT NULL DEFAULT CURRENT_TIMESTAMP
) ENGINE=InnoDB DEFAULT CHARSET=latin1;

--
-- Dumping data untuk tabel `pembatalan`
--

INSERT INTO `pembatalan` (`id_pesanan`, `jumlah_refund`, `tanggal_pembatalan`) VALUES
(15, 348489, '2017-05-24 17:00:00'),
(20, 312103, '2017-06-01 17:00:00'),
(31, 396947, '2017-05-23 17:00:00'),
(36, 336127, '2017-05-19 17:00:00'),
(41, 328581, '2017-06-10 17:00:00'),
(61, 392442, '2017-05-18 17:00:00'),
(70, 380691, '2017-06-06 17:00:00'),
(91, 392437, '2017-05-22 17:00:00'),
(113, 399783, '2017-05-25 17:00:00'),
(131, 387593, '2017-06-03 17:00:00'),
(134, 330253, '2017-05-21 17:00:00'),
(135, 385111, '2017-05-18 17:00:00'),
(155, 312647, '2017-05-20 17:00:00'),
(191, 351843, '2017-05-26 17:00:00'),
(194, 397581, '2017-05-27 17:00:00'),
(227, 386669, '2017-05-31 17:00:00'),
(229, 376185, '2017-05-29 17:00:00'),
(231, 373742, '2017-05-29 17:00:00'),
(233, 350103, '2017-06-11 17:00:00'),
(249, 336396, '2017-06-09 17:00:00'),
(277, 351485, '2017-09-08 17:00:00'),
(282, 323743, '2017-09-11 17:00:00'),
(294, 378549, '2017-08-24 17:00:00'),
(299, 344685, '2017-09-16 17:00:00'),
(301, 382892, '2017-09-05 17:00:00'),
(311, 349471, '2017-09-09 17:00:00'),
(320, 335551, '2017-08-26 17:00:00'),
(333, 343572, '2017-08-20 17:00:00'),
(338, 394667, '2017-08-31 17:00:00'),
(340, 398557, '2017-08-19 17:00:00'),
(356, 316419, '2017-09-11 17:00:00'),
(361, 367148, '2017-08-29 17:00:00'),
(387, 378641, '2017-08-31 17:00:00'),
(388, 364160, '2017-08-25 17:00:00'),
(389, 384030, '2017-09-03 17:00:00'),
(417, 329499, '2017-09-10 17:00:00'),
(457, 376247, '2017-08-22 17:00:00'),
(470, 353634, '2017-08-29 17:00:00'),
(480, 338066, '2017-08-21 17:00:00'),
(495, 389834, '2017-08-24 17:00:00'),
(503, 319459, '2017-12-16 17:00:00'),
(520, 350282, '2017-11-26 17:00:00'),
(525, 390759, '2017-11-22 17:00:00'),
(529, 394689, '2017-11-27 17:00:00'),
(562, 355690, '2017-11-26 17:00:00'),
(586, 383765, '2017-11-29 17:00:00'),
(599, 351983, '2017-11-19 17:00:00'),
(610, 363145, '2017-12-16 17:00:00'),
(624, 326252, '2017-12-13 17:00:00'),
(655, 381997, '2017-12-11 17:00:00'),
(657, 374234, '2017-11-23 17:00:00'),
(670, 355003, '2017-12-04 17:00:00'),
(687, 398417, '2017-12-04 17:00:00'),
(690, 317777, '2017-12-05 17:00:00'),
(707, 301042, '2017-11-26 17:00:00'),
(708, 383226, '2017-11-26 17:00:00'),
(709, 364180, '2017-11-23 17:00:00'),
(737, 331753, '2017-12-05 17:00:00'),
(745, 397462, '2017-12-17 17:00:00'),
(746, 326532, '2017-12-16 17:00:00'),
(756, 394294, '2018-03-01 17:00:00'),
(761, 300175, '2018-02-23 17:00:00'),
(783, 356172, '2018-03-05 17:00:00'),
(791, 302764, '2018-02-26 17:00:00'),
(797, 319024, '2018-03-03 17:00:00'),
(803, 366686, '2018-02-22 17:00:00'),
(816, 342980, '2018-03-02 17:00:00'),
(819, 316881, '2018-02-20 17:00:00'),
(820, 358519, '2018-03-07 17:00:00'),
(823, 342783, '2018-02-27 17:00:00'),
(831, 332878, '2018-03-13 17:00:00'),
(834, 329549, '2018-02-21 17:00:00'),
(837, 394658, '2018-03-13 17:00:00'),
(868, 303300, '2018-03-02 17:00:00'),
(876, 333895, '2018-02-21 17:00:00'),
(890, 381713, '2018-02-21 17:00:00'),
(903, 371063, '2018-02-25 17:00:00'),
(925, 339562, '2018-02-25 17:00:00'),
(952, 342437, '2018-03-12 17:00:00'),
(971, 363017, '2018-03-11 17:00:00');

--
-- Trigger `pembatalan`
--
DELIMITER $$
CREATE TRIGGER `pembatalan` AFTER INSERT ON `pembatalan` FOR EACH ROW BEGIN
SELECT MAX(id_perubahan_saldo) INTO @ips FROM log_perubahan_saldo;
SET @ips = @ips + 1;
SELECT id_maskapai INTO @id_maskapai FROM pemesanan WHERE id_pemesanan = NEW.id_pesanan;
SELECT id_user INTO @id_user FROM pemesanan WHERE id_pemesanan = NEW.id_pesanan;
INSERT INTO log_perubahan_saldo(id_perubahan_saldo,tanggal,jumlah,id_maskapai,id_user,id_status) VALUES (@ips,NEW.tanggal_pembatalan,NEW.jumlah_refund,@id_maskapai, @id_user,2);
INSERT INTO detail_perubahan_saldo(id_perubahan_saldo,id_pemesanan) VALUES (@ips,NEW.id_pesanan);
UPDATE pemesanan SET id_status = 2 WHERE id_pemesanan = NEW.id_pesanan;
END
$$
DELIMITER ;

-- --------------------------------------------------------

--
-- Struktur dari tabel `pemesanan`
--

CREATE TABLE `pemesanan` (
  `id_pemesanan` int(11) NOT NULL,
  `tw_berangkat` date NOT NULL,
  `tw_pemesanan` date NOT NULL,
  `harga` int(11) NOT NULL,
  `file_tiket` varchar(255) NOT NULL,
  `id_pelanggan` int(11) NOT NULL,
  `id_maskapai` int(11) NOT NULL,
  `id_bandara_asal` int(11) NOT NULL,
  `id_bandara_tujuan` int(11) NOT NULL,
  `id_status` int(11) NOT NULL,
  `id_user` int(11) NOT NULL
) ENGINE=InnoDB DEFAULT CHARSET=latin1;

--
-- Dumping data untuk tabel `pemesanan`
--

INSERT INTO `pemesanan` (`id_pemesanan`, `tw_berangkat`, `tw_pemesanan`, `harga`, `file_tiket`, `id_pelanggan`, `id_maskapai`, `id_bandara_asal`, `id_bandara_tujuan`, `id_status`, `id_user`) VALUES
(1, '2017-07-04', '2017-05-01', 677303, 'http://dummyimage.com/236x196.bmp/ff4444/ffffff', 586, 1, 5, 10, 1, 1),
(2, '2017-06-27', '2017-05-08', 711570, 'http://dummyimage.com/195x222.bmp/5fa2dd/ffffff', 581, 2, 4, 6, 1, 1),
(3, '2017-06-13', '2017-03-05', 678887, 'http://dummyimage.com/227x114.bmp/ff4444/ffffff', 53, 6, 5, 9, 1, 1),
(4, '2017-06-15', '2017-03-18', 737002, 'http://dummyimage.com/211x164.jpg/ff4444/ffffff', 625, 5, 4, 9, 1, 1),
(5, '2017-06-23', '2017-05-17', 647202, 'http://dummyimage.com/249x219.jpg/dddddd/000000', 481, 4, 5, 9, 1, 1),
(6, '2017-05-19', '2017-03-21', 723850, 'http://dummyimage.com/105x117.png/cc0000/ffffff', 152, 1, 2, 8, 1, 1),
(7, '2017-08-13', '2017-04-17', 748520, 'http://dummyimage.com/111x247.png/ff4444/ffffff', 733, 6, 5, 9, 1, 1),
(8, '2017-07-26', '2017-03-03', 732170, 'http://dummyimage.com/146x234.png/ff4444/ffffff', 97, 3, 2, 9, 1, 1),
(9, '2017-05-23', '2017-03-18', 748231, 'http://dummyimage.com/202x163.png/cc0000/ffffff', 415, 3, 2, 6, 1, 1),
(10, '2017-07-02', '2017-02-23', 773874, 'http://dummyimage.com/233x168.jpg/dddddd/000000', 43, 6, 5, 7, 1, 1),
(11, '2017-06-13', '2017-03-30', 641503, 'http://dummyimage.com/163x104.jpg/dddddd/000000', 624, 4, 1, 6, 1, 1),
(12, '2017-07-06', '2017-05-13', 721282, 'http://dummyimage.com/238x110.bmp/dddddd/000000', 209, 4, 3, 8, 1, 1),
(13, '2017-07-04', '2017-05-14', 738162, 'http://dummyimage.com/175x218.jpg/dddddd/000000', 391, 4, 4, 9, 1, 1),
(14, '2017-06-05', '2017-04-30', 722441, 'http://dummyimage.com/246x190.bmp/cc0000/ffffff', 519, 4, 1, 7, 1, 1),
(15, '2017-05-26', '2017-03-12', 792168, 'http://dummyimage.com/167x163.jpg/5fa2dd/ffffff', 213, 6, 1, 8, 2, 1),
(16, '2017-06-20', '2017-04-03', 673793, 'http://dummyimage.com/101x188.jpg/dddddd/000000', 315, 5, 5, 9, 1, 1),
(17, '2017-07-07', '2017-03-28', 642802, 'http://dummyimage.com/236x245.png/cc0000/ffffff', 32, 6, 1, 10, 1, 1),
(18, '2017-07-25', '2017-03-18', 615334, 'http://dummyimage.com/162x250.png/5fa2dd/ffffff', 717, 4, 2, 10, 1, 1),
(19, '2017-07-06', '2017-05-16', 743357, 'http://dummyimage.com/114x236.jpg/dddddd/000000', 736, 2, 1, 7, 1, 1),
(20, '2017-06-03', '2017-02-21', 643163, 'http://dummyimage.com/117x187.bmp/cc0000/ffffff', 66, 5, 3, 6, 2, 1),
(21, '2017-07-31', '2017-03-11', 729557, 'http://dummyimage.com/210x104.png/5fa2dd/ffffff', 376, 6, 5, 8, 1, 1),
(22, '2017-06-14', '2017-03-20', 667231, 'http://dummyimage.com/127x128.jpg/cc0000/ffffff', 460, 4, 3, 9, 1, 1),
(23, '2017-05-22', '2017-04-11', 741946, 'http://dummyimage.com/115x123.jpg/cc0000/ffffff', 706, 4, 4, 6, 1, 1),
(24, '2017-07-19', '2017-05-10', 707370, 'http://dummyimage.com/175x250.bmp/cc0000/ffffff', 290, 5, 2, 7, 1, 1),
(25, '2017-05-28', '2017-04-09', 656923, 'http://dummyimage.com/199x119.png/5fa2dd/ffffff', 466, 4, 5, 7, 1, 1),
(26, '2017-05-28', '2017-04-02', 601980, 'http://dummyimage.com/187x225.jpg/ff4444/ffffff', 735, 4, 5, 6, 1, 1),
(27, '2017-06-30', '2017-04-16', 641663, 'http://dummyimage.com/198x146.bmp/cc0000/ffffff', 120, 4, 3, 10, 1, 1),
(28, '2017-06-07', '2017-05-14', 729785, 'http://dummyimage.com/132x145.bmp/dddddd/000000', 344, 2, 5, 7, 1, 1),
(29, '2017-06-12', '2017-04-25', 602755, 'http://dummyimage.com/116x184.bmp/5fa2dd/ffffff', 410, 2, 3, 7, 1, 1),
(30, '2017-07-04', '2017-03-06', 767162, 'http://dummyimage.com/192x228.jpg/cc0000/ffffff', 390, 5, 2, 8, 1, 1),
(31, '2017-06-14', '2017-04-08', 769009, 'http://dummyimage.com/104x193.jpg/cc0000/ffffff', 572, 3, 3, 8, 2, 1),
(32, '2017-06-23', '2017-03-18', 692105, 'http://dummyimage.com/212x135.bmp/ff4444/ffffff', 725, 6, 2, 7, 1, 1),
(33, '2017-08-17', '2017-03-12', 720127, 'http://dummyimage.com/247x154.png/5fa2dd/ffffff', 363, 4, 4, 9, 1, 1),
(34, '2017-07-22', '2017-03-16', 688664, 'http://dummyimage.com/238x202.bmp/dddddd/000000', 211, 6, 1, 7, 1, 1),
(35, '2017-06-13', '2017-03-12', 726225, 'http://dummyimage.com/195x242.jpg/5fa2dd/ffffff', 91, 2, 1, 10, 1, 1),
(36, '2017-05-26', '2017-04-04', 796593, 'http://dummyimage.com/184x138.png/cc0000/ffffff', 40, 2, 5, 6, 2, 1),
(37, '2017-06-24', '2017-04-26', 637009, 'http://dummyimage.com/219x224.bmp/cc0000/ffffff', 364, 3, 2, 6, 1, 1),
(38, '2017-08-10', '2017-04-20', 677568, 'http://dummyimage.com/119x206.bmp/5fa2dd/ffffff', 218, 3, 5, 8, 1, 1),
(39, '2017-08-03', '2017-04-10', 692372, 'http://dummyimage.com/168x209.bmp/ff4444/ffffff', 281, 4, 1, 8, 1, 1),
(40, '2017-06-06', '2017-03-28', 786438, 'http://dummyimage.com/242x189.png/cc0000/ffffff', 6, 6, 2, 9, 1, 1),
(41, '2017-07-06', '2017-04-03', 797650, 'http://dummyimage.com/162x126.jpg/ff4444/ffffff', 101, 3, 2, 7, 2, 1),
(42, '2017-08-17', '2017-03-01', 699695, 'http://dummyimage.com/197x112.bmp/cc0000/ffffff', 75, 2, 1, 10, 1, 1),
(43, '2017-08-05', '2017-04-12', 677408, 'http://dummyimage.com/108x216.bmp/5fa2dd/ffffff', 295, 6, 4, 9, 1, 1),
(44, '2017-08-16', '2017-03-25', 715100, 'http://dummyimage.com/237x243.bmp/dddddd/000000', 217, 3, 5, 6, 1, 1),
(45, '2017-07-01', '2017-03-15', 727122, 'http://dummyimage.com/111x231.bmp/cc0000/ffffff', 9, 2, 3, 10, 1, 1),
(46, '2017-05-26', '2017-05-16', 787277, 'http://dummyimage.com/238x187.jpg/ff4444/ffffff', 676, 4, 1, 7, 1, 1),
(47, '2017-07-01', '2017-04-08', 725863, 'http://dummyimage.com/189x223.jpg/5fa2dd/ffffff', 87, 1, 2, 10, 1, 1),
(48, '2017-08-07', '2017-05-01', 753256, 'http://dummyimage.com/119x200.png/5fa2dd/ffffff', 296, 1, 4, 10, 1, 1),
(49, '2017-07-31', '2017-04-26', 740746, 'http://dummyimage.com/202x186.bmp/ff4444/ffffff', 581, 5, 2, 7, 1, 1),
(50, '2017-06-21', '2017-02-25', 658642, 'http://dummyimage.com/214x150.png/dddddd/000000', 87, 2, 3, 8, 1, 1),
(51, '2017-05-20', '2017-03-07', 739975, 'http://dummyimage.com/194x182.png/ff4444/ffffff', 246, 2, 2, 9, 1, 1),
(52, '2017-08-07', '2017-05-05', 721492, 'http://dummyimage.com/175x235.jpg/cc0000/ffffff', 588, 3, 5, 10, 1, 1),
(53, '2017-07-10', '2017-02-21', 777452, 'http://dummyimage.com/224x188.png/cc0000/ffffff', 190, 4, 5, 7, 1, 1),
(54, '2017-08-04', '2017-03-27', 788532, 'http://dummyimage.com/100x219.jpg/ff4444/ffffff', 575, 3, 4, 8, 1, 1),
(55, '2017-07-01', '2017-03-28', 640782, 'http://dummyimage.com/116x240.png/ff4444/ffffff', 424, 1, 3, 8, 1, 1),
(56, '2017-08-11', '2017-02-19', 719680, 'http://dummyimage.com/132x104.jpg/5fa2dd/ffffff', 80, 2, 5, 8, 1, 1),
(57, '2017-07-12', '2017-03-12', 705490, 'http://dummyimage.com/232x224.bmp/5fa2dd/ffffff', 573, 2, 2, 8, 1, 1),
(58, '2017-05-25', '2017-05-12', 732188, 'http://dummyimage.com/240x153.png/dddddd/000000', 253, 5, 1, 7, 1, 1),
(59, '2017-08-04', '2017-04-04', 787260, 'http://dummyimage.com/165x223.png/ff4444/ffffff', 84, 1, 4, 8, 1, 1),
(60, '2017-07-22', '2017-05-13', 732846, 'http://dummyimage.com/235x117.bmp/cc0000/ffffff', 415, 4, 4, 6, 1, 1),
(61, '2017-05-20', '2017-03-14', 795860, 'http://dummyimage.com/239x240.bmp/dddddd/000000', 295, 1, 3, 8, 2, 1),
(62, '2017-07-12', '2017-04-26', 766345, 'http://dummyimage.com/240x137.png/cc0000/ffffff', 7, 6, 5, 9, 1, 1),
(63, '2017-06-11', '2017-02-23', 600325, 'http://dummyimage.com/217x225.bmp/ff4444/ffffff', 102, 1, 2, 6, 1, 1),
(64, '2017-07-11', '2017-03-16', 691418, 'http://dummyimage.com/196x150.bmp/dddddd/000000', 569, 5, 2, 9, 1, 1),
(65, '2017-07-12', '2017-03-05', 600016, 'http://dummyimage.com/131x153.png/dddddd/000000', 25, 3, 2, 6, 1, 1),
(66, '2017-05-26', '2017-03-02', 734213, 'http://dummyimage.com/231x167.png/cc0000/ffffff', 427, 1, 5, 8, 1, 1),
(67, '2017-06-02', '2017-04-22', 620607, 'http://dummyimage.com/230x227.png/ff4444/ffffff', 480, 5, 3, 6, 1, 1),
(68, '2017-07-26', '2017-03-03', 655967, 'http://dummyimage.com/206x211.jpg/cc0000/ffffff', 287, 1, 4, 9, 1, 1),
(69, '2017-07-25', '2017-04-15', 761668, 'http://dummyimage.com/194x184.bmp/5fa2dd/ffffff', 347, 5, 2, 6, 1, 1),
(70, '2017-06-10', '2017-02-24', 731551, 'http://dummyimage.com/146x231.jpg/ff4444/ffffff', 509, 2, 1, 9, 2, 1),
(71, '2017-06-21', '2017-05-06', 760179, 'http://dummyimage.com/188x146.png/ff4444/ffffff', 375, 1, 3, 10, 1, 1),
(72, '2017-06-20', '2017-03-08', 665861, 'http://dummyimage.com/219x202.png/dddddd/000000', 244, 1, 4, 10, 1, 1),
(73, '2017-08-05', '2017-03-31', 683828, 'http://dummyimage.com/225x140.bmp/5fa2dd/ffffff', 173, 3, 5, 8, 1, 1),
(74, '2017-07-15', '2017-03-25', 605081, 'http://dummyimage.com/196x228.png/ff4444/ffffff', 417, 1, 1, 7, 1, 1),
(75, '2017-08-08', '2017-04-14', 655278, 'http://dummyimage.com/190x129.jpg/5fa2dd/ffffff', 285, 5, 5, 6, 1, 1),
(76, '2017-05-20', '2017-03-09', 715521, 'http://dummyimage.com/163x111.png/ff4444/ffffff', 698, 1, 2, 6, 1, 1),
(77, '2017-06-30', '2017-05-05', 716324, 'http://dummyimage.com/163x134.bmp/dddddd/000000', 232, 2, 1, 7, 1, 1),
(78, '2017-06-13', '2017-03-28', 722088, 'http://dummyimage.com/115x128.png/5fa2dd/ffffff', 731, 5, 5, 6, 1, 1),
(79, '2017-08-09', '2017-05-13', 768622, 'http://dummyimage.com/108x112.bmp/cc0000/ffffff', 565, 5, 1, 9, 1, 1),
(80, '2017-07-11', '2017-03-04', 741311, 'http://dummyimage.com/143x146.jpg/ff4444/ffffff', 82, 1, 2, 9, 1, 1),
(81, '2017-08-17', '2017-03-30', 656576, 'http://dummyimage.com/116x186.png/dddddd/000000', 105, 5, 5, 7, 1, 1),
(82, '2017-07-22', '2017-03-11', 628728, 'http://dummyimage.com/111x107.jpg/dddddd/000000', 449, 1, 3, 6, 1, 1),
(83, '2017-07-05', '2017-03-06', 697804, 'http://dummyimage.com/134x112.bmp/ff4444/ffffff', 65, 6, 2, 8, 1, 1),
(84, '2017-08-08', '2017-02-28', 610695, 'http://dummyimage.com/213x175.bmp/cc0000/ffffff', 250, 5, 5, 10, 1, 1),
(85, '2017-07-22', '2017-04-22', 624249, 'http://dummyimage.com/222x125.bmp/dddddd/000000', 197, 1, 3, 7, 1, 1),
(86, '2017-07-31', '2017-03-24', 672465, 'http://dummyimage.com/211x222.jpg/5fa2dd/ffffff', 380, 4, 2, 9, 1, 1),
(87, '2017-05-28', '2017-02-19', 615593, 'http://dummyimage.com/179x227.png/5fa2dd/ffffff', 5, 6, 2, 10, 1, 1),
(88, '2017-08-18', '2017-03-31', 628876, 'http://dummyimage.com/198x172.bmp/cc0000/ffffff', 603, 4, 1, 8, 1, 1),
(89, '2017-05-30', '2017-03-07', 638449, 'http://dummyimage.com/163x223.bmp/cc0000/ffffff', 434, 5, 3, 6, 1, 1),
(90, '2017-07-11', '2017-05-05', 629205, 'http://dummyimage.com/213x193.bmp/ff4444/ffffff', 186, 4, 1, 10, 1, 1),
(91, '2017-06-20', '2017-04-19', 753789, 'http://dummyimage.com/132x188.jpg/ff4444/ffffff', 403, 6, 5, 7, 2, 1),
(92, '2017-07-24', '2017-05-04', 666383, 'http://dummyimage.com/247x228.png/5fa2dd/ffffff', 20, 2, 4, 9, 1, 1),
(93, '2017-08-02', '2017-03-16', 669535, 'http://dummyimage.com/137x117.bmp/cc0000/ffffff', 239, 6, 4, 10, 1, 1),
(94, '2017-08-04', '2017-05-04', 654102, 'http://dummyimage.com/142x170.png/5fa2dd/ffffff', 139, 5, 3, 6, 1, 1),
(95, '2017-08-11', '2017-05-13', 672918, 'http://dummyimage.com/137x159.png/ff4444/ffffff', 422, 1, 3, 8, 1, 1),
(96, '2017-05-27', '2017-04-28', 702560, 'http://dummyimage.com/250x133.png/cc0000/ffffff', 117, 4, 2, 9, 1, 1),
(97, '2017-06-02', '2017-03-10', 715130, 'http://dummyimage.com/182x220.jpg/ff4444/ffffff', 135, 1, 4, 6, 1, 1),
(98, '2017-08-18', '2017-02-25', 601329, 'http://dummyimage.com/150x232.jpg/ff4444/ffffff', 226, 1, 5, 6, 1, 1),
(99, '2017-06-07', '2017-05-04', 774802, 'http://dummyimage.com/192x137.png/ff4444/ffffff', 645, 3, 1, 8, 1, 1),
(100, '2017-08-16', '2017-02-21', 726730, 'http://dummyimage.com/191x198.bmp/cc0000/ffffff', 129, 2, 2, 7, 1, 1),
(101, '2017-07-23', '2017-03-23', 725953, 'http://dummyimage.com/134x230.png/ff4444/ffffff', 373, 1, 4, 7, 1, 1),
(102, '2017-06-23', '2017-05-15', 656048, 'http://dummyimage.com/239x146.jpg/cc0000/ffffff', 574, 3, 2, 9, 1, 1),
(103, '2017-05-26', '2017-02-21', 741746, 'http://dummyimage.com/105x221.bmp/ff4444/ffffff', 593, 1, 1, 6, 1, 1),
(104, '2017-05-27', '2017-05-13', 720882, 'http://dummyimage.com/232x195.png/5fa2dd/ffffff', 368, 4, 5, 6, 1, 1),
(105, '2017-06-19', '2017-03-23', 690848, 'http://dummyimage.com/245x128.png/ff4444/ffffff', 370, 6, 2, 9, 1, 1),
(106, '2017-06-30', '2017-04-29', 610284, 'http://dummyimage.com/131x154.png/ff4444/ffffff', 416, 4, 2, 8, 1, 1),
(107, '2017-05-28', '2017-05-02', 721730, 'http://dummyimage.com/145x139.png/5fa2dd/ffffff', 490, 3, 1, 6, 1, 1),
(108, '2017-08-16', '2017-03-26', 622950, 'http://dummyimage.com/204x180.png/dddddd/000000', 666, 5, 4, 9, 1, 1),
(109, '2017-08-16', '2017-02-20', 737637, 'http://dummyimage.com/249x122.bmp/dddddd/000000', 239, 4, 5, 7, 1, 1),
(110, '2017-06-26', '2017-03-06', 609255, 'http://dummyimage.com/101x164.bmp/cc0000/ffffff', 12, 6, 1, 9, 1, 1),
(111, '2017-06-29', '2017-05-03', 712699, 'http://dummyimage.com/193x215.png/cc0000/ffffff', 264, 3, 3, 6, 1, 1),
(112, '2017-06-15', '2017-03-25', 788277, 'http://dummyimage.com/161x237.bmp/dddddd/000000', 22, 6, 5, 10, 1, 1),
(113, '2017-06-01', '2017-03-17', 773228, 'http://dummyimage.com/161x135.png/5fa2dd/ffffff', 573, 3, 4, 10, 2, 1),
(114, '2017-07-30', '2017-04-24', 628370, 'http://dummyimage.com/190x133.jpg/cc0000/ffffff', 320, 4, 4, 7, 1, 1),
(115, '2017-06-05', '2017-04-05', 671779, 'http://dummyimage.com/183x170.png/dddddd/000000', 751, 3, 1, 9, 1, 1),
(116, '2017-05-28', '2017-05-07', 682572, 'http://dummyimage.com/114x192.bmp/cc0000/ffffff', 107, 2, 4, 10, 1, 1),
(117, '2017-08-16', '2017-02-23', 653230, 'http://dummyimage.com/236x130.jpg/dddddd/000000', 14, 4, 2, 7, 1, 1),
(118, '2017-05-20', '2017-02-19', 790093, 'http://dummyimage.com/218x109.bmp/cc0000/ffffff', 682, 4, 3, 8, 1, 1),
(119, '2017-06-25', '2017-03-19', 784459, 'http://dummyimage.com/151x173.bmp/5fa2dd/ffffff', 68, 6, 4, 10, 1, 1),
(120, '2017-07-09', '2017-04-02', 621286, 'http://dummyimage.com/162x132.png/cc0000/ffffff', 611, 5, 4, 8, 1, 1),
(121, '2017-06-23', '2017-04-17', 685546, 'http://dummyimage.com/185x127.jpg/ff4444/ffffff', 658, 2, 1, 8, 1, 1),
(122, '2017-07-12', '2017-04-18', 723831, 'http://dummyimage.com/238x146.bmp/cc0000/ffffff', 499, 1, 2, 6, 1, 1),
(123, '2017-07-17', '2017-03-08', 673917, 'http://dummyimage.com/146x215.png/ff4444/ffffff', 718, 3, 1, 6, 1, 1),
(124, '2017-06-11', '2017-05-18', 627350, 'http://dummyimage.com/109x212.jpg/dddddd/000000', 148, 6, 5, 9, 1, 1),
(125, '2017-06-23', '2017-03-12', 680740, 'http://dummyimage.com/135x236.png/5fa2dd/ffffff', 357, 2, 5, 8, 1, 1),
(126, '2017-07-31', '2017-05-12', 680694, 'http://dummyimage.com/139x210.bmp/dddddd/000000', 211, 2, 4, 7, 1, 1),
(127, '2017-07-10', '2017-05-05', 796004, 'http://dummyimage.com/227x138.jpg/5fa2dd/ffffff', 546, 3, 3, 8, 1, 1),
(128, '2017-08-12', '2017-05-10', 694062, 'http://dummyimage.com/214x248.png/cc0000/ffffff', 659, 4, 4, 9, 1, 1),
(129, '2017-08-02', '2017-05-16', 722460, 'http://dummyimage.com/237x123.png/ff4444/ffffff', 81, 5, 2, 6, 1, 1),
(130, '2017-07-09', '2017-04-29', 706234, 'http://dummyimage.com/148x187.png/5fa2dd/ffffff', 423, 6, 5, 6, 1, 1),
(131, '2017-07-07', '2017-05-08', 616657, 'http://dummyimage.com/239x190.jpg/ff4444/ffffff', 245, 5, 1, 7, 2, 1),
(132, '2017-07-16', '2017-03-08', 664826, 'http://dummyimage.com/147x232.png/cc0000/ffffff', 615, 6, 5, 6, 1, 1),
(133, '2017-05-29', '2017-04-12', 624918, 'http://dummyimage.com/233x161.bmp/ff4444/ffffff', 15, 6, 3, 6, 1, 1),
(134, '2017-08-16', '2017-02-19', 776776, 'http://dummyimage.com/233x193.bmp/dddddd/000000', 101, 2, 3, 7, 2, 1),
(135, '2017-06-13', '2017-03-18', 777842, 'http://dummyimage.com/166x176.bmp/5fa2dd/ffffff', 688, 1, 4, 8, 2, 1),
(136, '2017-07-06', '2017-03-17', 624231, 'http://dummyimage.com/102x160.jpg/5fa2dd/ffffff', 561, 1, 3, 10, 1, 1),
(137, '2017-08-03', '2017-02-23', 623864, 'http://dummyimage.com/230x158.bmp/dddddd/000000', 699, 4, 4, 10, 1, 1),
(138, '2017-06-01', '2017-03-31', 604186, 'http://dummyimage.com/216x224.jpg/dddddd/000000', 450, 4, 3, 6, 1, 1),
(139, '2017-06-24', '2017-05-13', 634278, 'http://dummyimage.com/206x172.jpg/5fa2dd/ffffff', 731, 5, 2, 10, 1, 1),
(140, '2017-06-21', '2017-04-05', 605260, 'http://dummyimage.com/177x103.jpg/dddddd/000000', 267, 4, 2, 8, 1, 1),
(141, '2017-05-24', '2017-03-03', 774824, 'http://dummyimage.com/150x116.png/5fa2dd/ffffff', 594, 6, 3, 8, 1, 1),
(142, '2017-07-13', '2017-04-09', 626175, 'http://dummyimage.com/247x246.jpg/ff4444/ffffff', 273, 4, 1, 6, 1, 1),
(143, '2017-08-11', '2017-05-02', 772827, 'http://dummyimage.com/174x185.jpg/cc0000/ffffff', 231, 3, 3, 6, 1, 1),
(144, '2017-06-06', '2017-03-22', 741093, 'http://dummyimage.com/177x115.png/5fa2dd/ffffff', 363, 1, 1, 8, 1, 1),
(145, '2017-07-30', '2017-03-14', 626813, 'http://dummyimage.com/200x242.jpg/5fa2dd/ffffff', 734, 1, 4, 7, 1, 1),
(146, '2017-07-11', '2017-03-26', 717536, 'http://dummyimage.com/248x103.bmp/dddddd/000000', 387, 5, 3, 10, 1, 1),
(147, '2017-05-22', '2017-03-16', 670973, 'http://dummyimage.com/198x139.bmp/ff4444/ffffff', 87, 6, 2, 7, 1, 1),
(148, '2017-06-26', '2017-03-27', 759556, 'http://dummyimage.com/137x110.bmp/5fa2dd/ffffff', 469, 2, 1, 8, 1, 1),
(149, '2017-06-22', '2017-03-19', 610061, 'http://dummyimage.com/164x127.png/cc0000/ffffff', 314, 1, 4, 7, 1, 1),
(150, '2017-05-22', '2017-04-08', 797002, 'http://dummyimage.com/108x224.png/cc0000/ffffff', 598, 5, 1, 10, 1, 1),
(151, '2017-07-25', '2017-04-19', 793387, 'http://dummyimage.com/193x101.bmp/cc0000/ffffff', 115, 6, 1, 8, 1, 1),
(152, '2017-05-28', '2017-03-16', 768303, 'http://dummyimage.com/128x130.bmp/dddddd/000000', 302, 2, 4, 7, 1, 1),
(153, '2017-07-14', '2017-03-06', 789451, 'http://dummyimage.com/229x186.jpg/5fa2dd/ffffff', 738, 6, 1, 6, 1, 1),
(154, '2017-05-31', '2017-03-06', 664806, 'http://dummyimage.com/227x192.jpg/ff4444/ffffff', 531, 4, 1, 10, 1, 1),
(155, '2017-07-18', '2017-05-12', 625197, 'http://dummyimage.com/114x151.bmp/ff4444/ffffff', 570, 1, 2, 8, 2, 1),
(156, '2017-06-23', '2017-04-28', 688775, 'http://dummyimage.com/246x210.bmp/cc0000/ffffff', 64, 4, 5, 6, 1, 1),
(157, '2017-07-27', '2017-04-04', 607577, 'http://dummyimage.com/171x227.jpg/cc0000/ffffff', 546, 1, 4, 10, 1, 1),
(158, '2017-08-07', '2017-03-02', 609699, 'http://dummyimage.com/120x151.png/ff4444/ffffff', 393, 1, 1, 8, 1, 1),
(159, '2017-05-23', '2017-05-02', 722436, 'http://dummyimage.com/190x123.jpg/ff4444/ffffff', 117, 4, 5, 7, 1, 1),
(160, '2017-05-20', '2017-03-19', 717482, 'http://dummyimage.com/135x192.png/cc0000/ffffff', 662, 3, 4, 9, 1, 1),
(161, '2017-08-18', '2017-03-13', 701334, 'http://dummyimage.com/141x212.jpg/dddddd/000000', 235, 1, 2, 8, 1, 1),
(162, '2017-06-21', '2017-04-29', 781794, 'http://dummyimage.com/117x187.png/5fa2dd/ffffff', 206, 2, 1, 10, 1, 1),
(163, '2017-07-05', '2017-03-03', 687335, 'http://dummyimage.com/188x234.jpg/dddddd/000000', 502, 1, 1, 8, 1, 1),
(164, '2017-05-29', '2017-03-13', 661367, 'http://dummyimage.com/160x244.png/cc0000/ffffff', 249, 6, 5, 6, 1, 1),
(165, '2017-07-22', '2017-04-01', 760458, 'http://dummyimage.com/234x104.bmp/dddddd/000000', 90, 3, 2, 10, 1, 1),
(166, '2017-07-09', '2017-05-05', 717600, 'http://dummyimage.com/241x105.png/5fa2dd/ffffff', 510, 5, 1, 7, 1, 1),
(167, '2017-06-30', '2017-05-17', 736469, 'http://dummyimage.com/111x114.png/ff4444/ffffff', 737, 2, 2, 10, 1, 1),
(168, '2017-07-01', '2017-02-21', 647161, 'http://dummyimage.com/138x214.bmp/5fa2dd/ffffff', 35, 6, 2, 6, 1, 1),
(169, '2017-07-07', '2017-04-17', 616864, 'http://dummyimage.com/125x138.png/dddddd/000000', 180, 3, 5, 6, 1, 1),
(170, '2017-07-31', '2017-04-28', 600222, 'http://dummyimage.com/157x246.jpg/ff4444/ffffff', 619, 1, 3, 10, 1, 1),
(171, '2017-07-06', '2017-04-25', 685874, 'http://dummyimage.com/188x151.bmp/cc0000/ffffff', 409, 2, 3, 10, 1, 1),
(172, '2017-05-29', '2017-05-04', 788345, 'http://dummyimage.com/153x199.bmp/cc0000/ffffff', 630, 1, 3, 7, 1, 1),
(173, '2017-07-21', '2017-03-04', 718922, 'http://dummyimage.com/133x178.jpg/dddddd/000000', 431, 1, 2, 8, 1, 1),
(174, '2017-05-24', '2017-05-02', 780160, 'http://dummyimage.com/114x224.jpg/dddddd/000000', 559, 5, 3, 6, 1, 1),
(175, '2017-08-13', '2017-04-29', 622189, 'http://dummyimage.com/174x178.png/ff4444/ffffff', 181, 6, 5, 9, 1, 1),
(176, '2017-06-23', '2017-04-25', 606121, 'http://dummyimage.com/137x241.jpg/5fa2dd/ffffff', 351, 3, 4, 8, 1, 1),
(177, '2017-06-25', '2017-02-23', 606869, 'http://dummyimage.com/245x179.png/ff4444/ffffff', 182, 1, 1, 6, 1, 1),
(178, '2017-07-11', '2017-03-19', 756305, 'http://dummyimage.com/148x172.jpg/5fa2dd/ffffff', 445, 4, 4, 7, 1, 1),
(179, '2017-08-13', '2017-05-03', 636411, 'http://dummyimage.com/172x132.jpg/cc0000/ffffff', 608, 5, 1, 6, 1, 1),
(180, '2017-07-18', '2017-04-30', 782549, 'http://dummyimage.com/106x206.jpg/5fa2dd/ffffff', 436, 5, 1, 10, 1, 1),
(181, '2017-08-12', '2017-02-22', 648245, 'http://dummyimage.com/224x215.jpg/dddddd/000000', 550, 1, 2, 10, 1, 1),
(182, '2017-05-28', '2017-03-27', 659128, 'http://dummyimage.com/140x214.bmp/ff4444/ffffff', 616, 6, 2, 10, 1, 1),
(183, '2017-06-08', '2017-03-10', 614264, 'http://dummyimage.com/218x194.bmp/dddddd/000000', 94, 4, 2, 7, 1, 1),
(184, '2017-06-01', '2017-03-10', 637528, 'http://dummyimage.com/151x122.jpg/cc0000/ffffff', 63, 1, 4, 9, 1, 1),
(185, '2017-06-03', '2017-04-05', 723110, 'http://dummyimage.com/208x131.bmp/dddddd/000000', 369, 5, 4, 6, 1, 1),
(186, '2017-06-20', '2017-02-19', 641206, 'http://dummyimage.com/175x132.png/5fa2dd/ffffff', 696, 4, 1, 8, 1, 1),
(187, '2017-05-22', '2017-04-09', 677273, 'http://dummyimage.com/171x240.jpg/cc0000/ffffff', 287, 3, 5, 10, 1, 1),
(188, '2017-05-24', '2017-05-15', 743043, 'http://dummyimage.com/187x145.jpg/dddddd/000000', 705, 1, 3, 9, 1, 1),
(189, '2017-06-01', '2017-03-08', 660737, 'http://dummyimage.com/126x140.bmp/5fa2dd/ffffff', 472, 1, 2, 9, 1, 1),
(190, '2017-06-14', '2017-05-17', 639907, 'http://dummyimage.com/125x201.jpg/ff4444/ffffff', 245, 6, 2, 8, 1, 1),
(191, '2017-05-30', '2017-03-15', 675269, 'http://dummyimage.com/148x123.png/cc0000/ffffff', 173, 3, 1, 6, 2, 1),
(192, '2017-07-29', '2017-04-27', 691460, 'http://dummyimage.com/166x167.bmp/ff4444/ffffff', 210, 5, 4, 7, 1, 1),
(193, '2017-07-03', '2017-03-02', 622315, 'http://dummyimage.com/225x199.png/ff4444/ffffff', 502, 4, 1, 10, 1, 1),
(194, '2017-07-24', '2017-04-24', 791328, 'http://dummyimage.com/149x115.bmp/ff4444/ffffff', 146, 1, 5, 7, 2, 1),
(195, '2017-07-19', '2017-05-08', 714550, 'http://dummyimage.com/113x235.jpg/ff4444/ffffff', 557, 4, 2, 8, 1, 1),
(196, '2017-07-15', '2017-04-09', 714976, 'http://dummyimage.com/216x135.jpg/dddddd/000000', 202, 5, 4, 10, 1, 1),
(197, '2017-07-09', '2017-03-22', 725101, 'http://dummyimage.com/225x128.png/dddddd/000000', 165, 2, 1, 8, 1, 1),
(198, '2017-05-23', '2017-04-28', 726329, 'http://dummyimage.com/169x103.png/dddddd/000000', 271, 2, 3, 10, 1, 1),
(199, '2017-08-02', '2017-03-09', 681908, 'http://dummyimage.com/137x114.jpg/ff4444/ffffff', 205, 5, 2, 7, 1, 1),
(200, '2017-07-27', '2017-04-20', 655705, 'http://dummyimage.com/191x133.png/ff4444/ffffff', 139, 4, 4, 8, 1, 1),
(201, '2017-06-29', '2017-03-24', 618553, 'http://dummyimage.com/209x135.png/ff4444/ffffff', 135, 3, 2, 10, 1, 1),
(202, '2017-06-18', '2017-02-26', 778914, 'http://dummyimage.com/203x120.bmp/cc0000/ffffff', 422, 4, 1, 7, 1, 1),
(203, '2017-07-07', '2017-03-04', 763749, 'http://dummyimage.com/167x114.bmp/5fa2dd/ffffff', 6, 4, 3, 9, 1, 1),
(204, '2017-07-31', '2017-05-09', 795762, 'http://dummyimage.com/165x140.bmp/5fa2dd/ffffff', 735, 3, 3, 9, 1, 1),
(205, '2017-08-17', '2017-02-23', 606307, 'http://dummyimage.com/177x121.png/ff4444/ffffff', 361, 3, 3, 8, 1, 1),
(206, '2017-07-13', '2017-05-16', 623119, 'http://dummyimage.com/175x105.png/ff4444/ffffff', 167, 2, 2, 9, 1, 1),
(207, '2017-08-06', '2017-03-12', 704456, 'http://dummyimage.com/221x203.jpg/5fa2dd/ffffff', 509, 4, 4, 9, 1, 1),
(208, '2017-07-12', '2017-04-18', 622906, 'http://dummyimage.com/113x108.jpg/5fa2dd/ffffff', 696, 6, 1, 7, 1, 1),
(209, '2017-06-29', '2017-04-13', 767893, 'http://dummyimage.com/176x145.png/dddddd/000000', 706, 4, 1, 6, 1, 1),
(210, '2017-07-01', '2017-04-24', 627090, 'http://dummyimage.com/144x175.jpg/cc0000/ffffff', 566, 5, 4, 9, 1, 1),
(211, '2017-07-06', '2017-03-03', 694585, 'http://dummyimage.com/172x157.jpg/5fa2dd/ffffff', 377, 3, 1, 8, 1, 1),
(212, '2017-06-23', '2017-05-18', 777154, 'http://dummyimage.com/186x221.jpg/5fa2dd/ffffff', 282, 1, 4, 10, 1, 1),
(213, '2017-07-24', '2017-03-15', 621140, 'http://dummyimage.com/199x214.bmp/cc0000/ffffff', 498, 4, 3, 6, 1, 1),
(214, '2017-06-21', '2017-03-18', 746405, 'http://dummyimage.com/205x168.jpg/cc0000/ffffff', 412, 3, 2, 8, 1, 1),
(215, '2017-07-14', '2017-04-15', 694864, 'http://dummyimage.com/189x168.bmp/ff4444/ffffff', 425, 5, 1, 8, 1, 1),
(216, '2017-06-05', '2017-03-31', 710332, 'http://dummyimage.com/114x237.jpg/cc0000/ffffff', 397, 4, 3, 8, 1, 1),
(217, '2017-06-19', '2017-04-15', 652120, 'http://dummyimage.com/203x202.jpg/ff4444/ffffff', 370, 5, 2, 9, 1, 1),
(218, '2017-05-20', '2017-03-20', 793244, 'http://dummyimage.com/144x157.png/cc0000/ffffff', 77, 5, 2, 6, 1, 1),
(219, '2017-06-25', '2017-05-08', 649232, 'http://dummyimage.com/176x125.png/ff4444/ffffff', 716, 5, 4, 6, 1, 1),
(220, '2017-05-20', '2017-04-13', 622680, 'http://dummyimage.com/149x126.png/ff4444/ffffff', 706, 2, 4, 9, 1, 1),
(221, '2017-07-24', '2017-05-10', 745169, 'http://dummyimage.com/113x130.jpg/ff4444/ffffff', 245, 5, 4, 7, 1, 1),
(222, '2017-06-05', '2017-04-15', 671455, 'http://dummyimage.com/217x118.png/dddddd/000000', 433, 1, 2, 9, 1, 1),
(223, '2017-07-22', '2017-02-25', 762353, 'http://dummyimage.com/244x103.png/ff4444/ffffff', 298, 2, 1, 7, 1, 1),
(224, '2017-07-15', '2017-03-27', 675836, 'http://dummyimage.com/170x119.png/cc0000/ffffff', 690, 4, 4, 8, 1, 1),
(225, '2017-08-09', '2017-05-16', 793688, 'http://dummyimage.com/148x111.png/ff4444/ffffff', 247, 1, 1, 9, 1, 1),
(226, '2017-08-02', '2017-02-26', 621304, 'http://dummyimage.com/243x159.bmp/ff4444/ffffff', 673, 5, 3, 8, 1, 1),
(227, '2017-08-08', '2017-04-16', 764258, 'http://dummyimage.com/216x179.png/dddddd/000000', 580, 4, 2, 8, 2, 1),
(228, '2017-05-22', '2017-03-27', 732092, 'http://dummyimage.com/116x167.bmp/dddddd/000000', 157, 3, 2, 7, 1, 1),
(229, '2017-06-29', '2017-02-26', 657415, 'http://dummyimage.com/217x225.png/cc0000/ffffff', 6, 1, 3, 6, 2, 1),
(230, '2017-06-26', '2017-04-11', 674445, 'http://dummyimage.com/116x249.jpg/ff4444/ffffff', 124, 6, 2, 8, 1, 1),
(231, '2017-07-04', '2017-04-22', 617669, 'http://dummyimage.com/120x229.png/cc0000/ffffff', 494, 1, 2, 10, 2, 1),
(232, '2017-06-26', '2017-02-28', 749333, 'http://dummyimage.com/223x142.jpg/dddddd/000000', 357, 2, 5, 9, 1, 1),
(233, '2017-06-25', '2017-03-25', 644762, 'http://dummyimage.com/206x241.bmp/cc0000/ffffff', 419, 6, 1, 8, 2, 1),
(234, '2017-07-17', '2017-03-03', 733820, 'http://dummyimage.com/203x127.jpg/ff4444/ffffff', 669, 3, 1, 10, 1, 1),
(235, '2017-07-10', '2017-03-01', 651946, 'http://dummyimage.com/187x165.png/ff4444/ffffff', 82, 2, 5, 8, 1, 1),
(236, '2017-07-08', '2017-04-22', 649158, 'http://dummyimage.com/248x172.bmp/5fa2dd/ffffff', 494, 4, 3, 10, 1, 1),
(237, '2017-08-07', '2017-04-16', 667956, 'http://dummyimage.com/146x250.png/cc0000/ffffff', 243, 2, 4, 9, 1, 1),
(238, '2017-06-15', '2017-02-24', 649712, 'http://dummyimage.com/139x138.bmp/ff4444/ffffff', 75, 5, 2, 9, 1, 1),
(239, '2017-06-04', '2017-04-27', 761293, 'http://dummyimage.com/239x235.bmp/5fa2dd/ffffff', 170, 2, 3, 9, 1, 1),
(240, '2017-08-05', '2017-05-14', 766878, 'http://dummyimage.com/177x249.jpg/ff4444/ffffff', 62, 2, 2, 7, 1, 1),
(241, '2017-07-25', '2017-04-16', 752560, 'http://dummyimage.com/179x190.jpg/cc0000/ffffff', 631, 6, 3, 7, 1, 1),
(242, '2017-06-11', '2017-03-19', 769087, 'http://dummyimage.com/118x137.jpg/5fa2dd/ffffff', 193, 1, 2, 9, 1, 1),
(243, '2017-06-17', '2017-03-19', 649844, 'http://dummyimage.com/148x101.jpg/ff4444/ffffff', 258, 6, 5, 7, 1, 1),
(244, '2017-06-15', '2017-03-30', 697543, 'http://dummyimage.com/191x181.jpg/dddddd/000000', 174, 5, 3, 6, 1, 1),
(245, '2017-06-04', '2017-05-15', 760721, 'http://dummyimage.com/188x227.png/dddddd/000000', 639, 2, 2, 10, 1, 1),
(246, '2017-08-16', '2017-03-04', 788449, 'http://dummyimage.com/102x250.jpg/ff4444/ffffff', 614, 6, 5, 6, 1, 1),
(247, '2017-07-05', '2017-03-26', 696884, 'http://dummyimage.com/121x143.bmp/cc0000/ffffff', 299, 6, 2, 10, 1, 1),
(248, '2017-08-09', '2017-04-24', 650062, 'http://dummyimage.com/247x205.jpg/cc0000/ffffff', 104, 5, 1, 7, 1, 1),
(249, '2017-07-28', '2017-04-19', 753973, 'http://dummyimage.com/147x172.jpg/dddddd/000000', 403, 4, 2, 6, 2, 1),
(250, '2017-07-04', '2017-05-05', 646019, 'http://dummyimage.com/175x180.bmp/ff4444/ffffff', 154, 2, 3, 7, 1, 1),
(251, '2017-10-07', '2017-06-21', 633458, 'http://dummyimage.com/137x187.jpg/ff4444/ffffff', 717, 5, 5, 6, 1, 1),
(252, '2017-10-18', '2017-06-06', 640000, 'http://dummyimage.com/112x171.jpg/5fa2dd/ffffff', 201, 6, 2, 10, 1, 1),
(253, '2017-10-01', '2017-06-11', 621448, 'http://dummyimage.com/212x135.jpg/cc0000/ffffff', 698, 3, 5, 9, 1, 1),
(254, '2017-10-29', '2017-06-20', 750230, 'http://dummyimage.com/198x149.bmp/5fa2dd/ffffff', 343, 3, 4, 8, 1, 1),
(255, '2017-08-22', '2017-06-01', 637076, 'http://dummyimage.com/242x106.bmp/dddddd/000000', 205, 3, 3, 10, 1, 1),
(256, '2017-09-29', '2017-05-20', 795104, 'http://dummyimage.com/125x233.png/5fa2dd/ffffff', 642, 1, 2, 8, 1, 1),
(257, '2017-08-20', '2017-08-12', 703807, 'http://dummyimage.com/125x240.bmp/5fa2dd/ffffff', 247, 2, 4, 7, 1, 1),
(258, '2017-10-08', '2017-06-10', 796602, 'http://dummyimage.com/181x188.bmp/ff4444/ffffff', 459, 1, 3, 10, 1, 1),
(259, '2017-11-18', '2017-05-29', 739771, 'http://dummyimage.com/243x174.bmp/dddddd/000000', 193, 3, 5, 6, 1, 1),
(260, '2017-09-08', '2017-05-22', 704488, 'http://dummyimage.com/243x147.jpg/cc0000/ffffff', 427, 4, 2, 6, 1, 1),
(261, '2017-09-15', '2017-05-24', 722301, 'http://dummyimage.com/138x142.jpg/cc0000/ffffff', 402, 1, 5, 10, 1, 1),
(262, '2017-08-29', '2017-06-24', 729646, 'http://dummyimage.com/126x230.jpg/dddddd/000000', 265, 3, 3, 10, 1, 1),
(263, '2017-09-18', '2017-06-04', 704987, 'http://dummyimage.com/229x165.jpg/ff4444/ffffff', 577, 4, 5, 10, 1, 1),
(264, '2017-09-04', '2017-05-25', 683476, 'http://dummyimage.com/232x203.jpg/ff4444/ffffff', 612, 3, 2, 6, 1, 1),
(265, '2017-10-09', '2017-08-03', 749218, 'http://dummyimage.com/234x121.jpg/dddddd/000000', 503, 3, 4, 7, 1, 1),
(266, '2017-08-21', '2017-06-16', 605609, 'http://dummyimage.com/178x172.jpg/5fa2dd/ffffff', 637, 2, 3, 8, 1, 1),
(267, '2017-10-10', '2017-08-09', 675686, 'http://dummyimage.com/133x232.jpg/cc0000/ffffff', 644, 5, 1, 6, 1, 1),
(268, '2017-11-05', '2017-07-02', 604326, 'http://dummyimage.com/185x220.bmp/5fa2dd/ffffff', 165, 2, 4, 10, 1, 1),
(269, '2017-11-13', '2017-07-09', 700128, 'http://dummyimage.com/212x218.bmp/dddddd/000000', 167, 2, 3, 9, 1, 1),
(270, '2017-09-13', '2017-05-25', 652952, 'http://dummyimage.com/193x108.bmp/cc0000/ffffff', 623, 1, 2, 10, 1, 1),
(271, '2017-09-30', '2017-08-16', 786900, 'http://dummyimage.com/239x165.png/5fa2dd/ffffff', 301, 2, 3, 10, 1, 1),
(272, '2017-10-11', '2017-08-11', 732218, 'http://dummyimage.com/170x109.png/cc0000/ffffff', 3, 4, 1, 10, 1, 1),
(273, '2017-11-07', '2017-05-24', 615551, 'http://dummyimage.com/134x153.bmp/dddddd/000000', 710, 6, 4, 8, 1, 1),
(274, '2017-11-03', '2017-06-21', 685849, 'http://dummyimage.com/147x146.bmp/cc0000/ffffff', 712, 6, 3, 8, 1, 1),
(275, '2017-10-06', '2017-06-04', 604953, 'http://dummyimage.com/153x178.jpg/ff4444/ffffff', 9, 5, 3, 9, 1, 1),
(276, '2017-08-25', '2017-06-19', 617156, 'http://dummyimage.com/204x117.jpg/ff4444/ffffff', 413, 4, 3, 8, 1, 1),
(277, '2017-09-12', '2017-07-08', 665763, 'http://dummyimage.com/156x218.png/ff4444/ffffff', 397, 3, 4, 6, 2, 1),
(278, '2017-10-13', '2017-07-15', 624951, 'http://dummyimage.com/210x193.png/ff4444/ffffff', 42, 2, 5, 9, 1, 1),
(279, '2017-11-08', '2017-06-12', 604928, 'http://dummyimage.com/178x227.png/dddddd/000000', 680, 1, 4, 8, 1, 1),
(280, '2017-10-31', '2017-08-04', 643721, 'http://dummyimage.com/143x226.bmp/ff4444/ffffff', 716, 6, 5, 9, 1, 1),
(281, '2017-10-03', '2017-06-25', 679288, 'http://dummyimage.com/145x149.jpg/5fa2dd/ffffff', 221, 3, 2, 9, 1, 1),
(282, '2017-09-20', '2017-07-08', 690604, 'http://dummyimage.com/211x120.png/ff4444/ffffff', 135, 1, 5, 9, 2, 1),
(283, '2017-10-22', '2017-07-09', 603494, 'http://dummyimage.com/165x102.jpg/dddddd/000000', 90, 1, 2, 8, 1, 1),
(284, '2017-09-25', '2017-08-15', 643230, 'http://dummyimage.com/192x103.png/cc0000/ffffff', 575, 2, 4, 9, 1, 1),
(285, '2017-09-08', '2017-07-19', 641554, 'http://dummyimage.com/112x172.png/dddddd/000000', 2, 6, 1, 6, 1, 1),
(286, '2017-09-07', '2017-08-12', 696247, 'http://dummyimage.com/187x185.bmp/dddddd/000000', 374, 6, 5, 8, 1, 1),
(287, '2017-08-26', '2017-08-10', 790569, 'http://dummyimage.com/219x202.bmp/cc0000/ffffff', 110, 4, 2, 9, 1, 1),
(288, '2017-10-08', '2017-06-25', 600702, 'http://dummyimage.com/227x161.jpg/5fa2dd/ffffff', 587, 2, 3, 7, 1, 1),
(289, '2017-10-09', '2017-08-03', 735446, 'http://dummyimage.com/227x223.jpg/cc0000/ffffff', 61, 5, 4, 6, 1, 1),
(290, '2017-09-26', '2017-06-29', 629502, 'http://dummyimage.com/155x120.png/ff4444/ffffff', 683, 2, 1, 10, 1, 1),
(291, '2017-10-12', '2017-06-29', 718681, 'http://dummyimage.com/211x158.jpg/cc0000/ffffff', 519, 6, 2, 8, 1, 1),
(292, '2017-09-03', '2017-07-17', 770442, 'http://dummyimage.com/131x234.png/5fa2dd/ffffff', 446, 6, 2, 7, 1, 1),
(293, '2017-08-22', '2017-06-22', 720506, 'http://dummyimage.com/195x234.jpg/dddddd/000000', 586, 1, 1, 8, 1, 1),
(294, '2017-11-16', '2017-05-29', 706831, 'http://dummyimage.com/114x126.jpg/dddddd/000000', 569, 1, 4, 10, 2, 1),
(295, '2017-09-09', '2017-07-05', 725976, 'http://dummyimage.com/191x119.bmp/cc0000/ffffff', 59, 3, 4, 7, 1, 1),
(296, '2017-11-14', '2017-06-08', 772607, 'http://dummyimage.com/143x119.jpg/cc0000/ffffff', 445, 3, 4, 7, 1, 1),
(297, '2017-10-11', '2017-07-23', 725623, 'http://dummyimage.com/238x160.jpg/dddddd/000000', 494, 4, 3, 10, 1, 1),
(298, '2017-10-06', '2017-07-04', 757752, 'http://dummyimage.com/233x120.png/cc0000/ffffff', 252, 2, 4, 6, 1, 1),
(299, '2017-09-18', '2017-08-17', 656530, 'http://dummyimage.com/109x127.png/ff4444/ffffff', 151, 3, 2, 8, 2, 1),
(300, '2017-10-20', '2017-06-22', 780196, 'http://dummyimage.com/248x138.bmp/dddddd/000000', 615, 1, 2, 6, 1, 1),
(301, '2017-09-28', '2017-06-01', 705660, 'http://dummyimage.com/206x171.jpg/cc0000/ffffff', 393, 6, 1, 8, 2, 1),
(302, '2017-09-02', '2017-06-09', 788286, 'http://dummyimage.com/205x130.jpg/cc0000/ffffff', 506, 4, 3, 8, 1, 1),
(303, '2017-09-07', '2017-07-13', 622883, 'http://dummyimage.com/229x231.png/5fa2dd/ffffff', 397, 4, 4, 8, 1, 1),
(304, '2017-10-27', '2017-06-29', 685338, 'http://dummyimage.com/156x135.jpg/cc0000/ffffff', 110, 3, 4, 9, 1, 1),
(305, '2017-10-26', '2017-07-15', 601592, 'http://dummyimage.com/237x180.jpg/ff4444/ffffff', 16, 3, 4, 6, 1, 1),
(306, '2017-10-24', '2017-06-28', 625875, 'http://dummyimage.com/246x158.png/dddddd/000000', 679, 4, 2, 10, 1, 1),
(307, '2017-09-21', '2017-06-16', 605066, 'http://dummyimage.com/223x135.jpg/ff4444/ffffff', 635, 2, 1, 10, 1, 1),
(308, '2017-10-10', '2017-06-10', 722558, 'http://dummyimage.com/182x173.jpg/ff4444/ffffff', 529, 6, 4, 6, 1, 1),
(309, '2017-09-13', '2017-07-26', 686265, 'http://dummyimage.com/170x113.png/5fa2dd/ffffff', 514, 6, 1, 9, 1, 1),
(310, '2017-10-16', '2017-06-10', 775191, 'http://dummyimage.com/143x170.bmp/ff4444/ffffff', 727, 6, 1, 6, 1, 1),
(311, '2017-11-06', '2017-08-01', 613313, 'http://dummyimage.com/200x229.png/cc0000/ffffff', 8, 4, 4, 8, 2, 1),
(312, '2017-08-29', '2017-07-23', 751935, 'http://dummyimage.com/124x171.jpg/ff4444/ffffff', 721, 3, 1, 9, 1, 1),
(313, '2017-10-28', '2017-06-27', 639499, 'http://dummyimage.com/176x207.bmp/ff4444/ffffff', 261, 2, 5, 6, 1, 1),
(314, '2017-11-02', '2017-08-03', 723683, 'http://dummyimage.com/105x146.jpg/ff4444/ffffff', 75, 3, 1, 9, 1, 1),
(315, '2017-11-11', '2017-06-26', 721389, 'http://dummyimage.com/224x222.bmp/dddddd/000000', 248, 6, 4, 9, 1, 1),
(316, '2017-09-15', '2017-07-02', 696095, 'http://dummyimage.com/106x233.png/cc0000/ffffff', 679, 3, 3, 8, 1, 1),
(317, '2017-09-25', '2017-06-26', 602709, 'http://dummyimage.com/102x175.jpg/5fa2dd/ffffff', 274, 1, 4, 9, 1, 1),
(318, '2017-08-26', '2017-08-07', 698677, 'http://dummyimage.com/126x241.png/ff4444/ffffff', 609, 6, 5, 10, 1, 1),
(319, '2017-09-24', '2017-06-28', 732702, 'http://dummyimage.com/200x183.jpg/ff4444/ffffff', 662, 5, 5, 9, 1, 1),
(320, '2017-09-27', '2017-07-18', 704732, 'http://dummyimage.com/231x248.jpg/cc0000/ffffff', 541, 5, 3, 8, 2, 1),
(321, '2017-10-13', '2017-08-17', 770756, 'http://dummyimage.com/202x199.bmp/dddddd/000000', 232, 4, 5, 10, 1, 1),
(322, '2017-11-08', '2017-08-05', 719000, 'http://dummyimage.com/187x242.png/dddddd/000000', 658, 4, 4, 9, 1, 1),
(323, '2017-08-25', '2017-06-14', 608700, 'http://dummyimage.com/226x192.jpg/5fa2dd/ffffff', 180, 3, 4, 6, 1, 1),
(324, '2017-08-25', '2017-08-03', 634471, 'http://dummyimage.com/211x130.jpg/5fa2dd/ffffff', 415, 1, 1, 10, 1, 1),
(325, '2017-10-19', '2017-06-27', 687069, 'http://dummyimage.com/246x171.jpg/cc0000/ffffff', 184, 5, 2, 10, 1, 1),
(326, '2017-09-10', '2017-07-09', 680566, 'http://dummyimage.com/198x194.png/dddddd/000000', 522, 4, 3, 9, 1, 1),
(327, '2017-11-10', '2017-06-14', 772576, 'http://dummyimage.com/136x136.png/5fa2dd/ffffff', 145, 3, 1, 6, 1, 1),
(328, '2017-09-23', '2017-07-12', 620132, 'http://dummyimage.com/206x189.bmp/5fa2dd/ffffff', 117, 2, 2, 7, 1, 1),
(329, '2017-10-02', '2017-06-23', 609145, 'http://dummyimage.com/240x112.jpg/cc0000/ffffff', 571, 3, 5, 9, 1, 1),
(330, '2017-08-21', '2017-06-11', 722063, 'http://dummyimage.com/160x245.jpg/5fa2dd/ffffff', 558, 1, 3, 10, 1, 1),
(331, '2017-11-01', '2017-06-11', 715723, 'http://dummyimage.com/188x184.bmp/ff4444/ffffff', 122, 3, 1, 6, 1, 1),
(332, '2017-11-07', '2017-08-14', 775779, 'http://dummyimage.com/225x172.png/5fa2dd/ffffff', 415, 5, 3, 8, 1, 1),
(333, '2017-11-03', '2017-07-12', 629525, 'http://dummyimage.com/186x214.bmp/5fa2dd/ffffff', 141, 1, 5, 10, 2, 1),
(334, '2017-10-19', '2017-06-09', 717815, 'http://dummyimage.com/222x121.png/cc0000/ffffff', 692, 4, 4, 8, 1, 1),
(335, '2017-11-18', '2017-06-29', 726329, 'http://dummyimage.com/236x158.jpg/cc0000/ffffff', 589, 2, 5, 7, 1, 1),
(336, '2017-11-17', '2017-08-16', 799895, 'http://dummyimage.com/179x128.jpg/5fa2dd/ffffff', 58, 6, 4, 10, 1, 1),
(337, '2017-09-15', '2017-06-02', 796976, 'http://dummyimage.com/149x141.jpg/5fa2dd/ffffff', 265, 2, 4, 9, 1, 1),
(338, '2017-10-10', '2017-08-07', 770021, 'http://dummyimage.com/247x121.jpg/5fa2dd/ffffff', 126, 6, 4, 9, 2, 1),
(339, '2017-09-03', '2017-07-23', 762324, 'http://dummyimage.com/145x107.bmp/dddddd/000000', 190, 6, 1, 7, 1, 1),
(340, '2017-08-21', '2017-07-05', 706259, 'http://dummyimage.com/150x244.bmp/cc0000/ffffff', 539, 6, 1, 9, 2, 1),
(341, '2017-10-09', '2017-06-26', 622078, 'http://dummyimage.com/118x246.png/ff4444/ffffff', 543, 4, 3, 9, 1, 1),
(342, '2017-10-17', '2017-06-20', 657368, 'http://dummyimage.com/244x139.jpg/dddddd/000000', 370, 3, 3, 10, 1, 1),
(343, '2017-08-30', '2017-06-02', 674504, 'http://dummyimage.com/162x126.png/cc0000/ffffff', 398, 4, 3, 7, 1, 1),
(344, '2017-10-19', '2017-06-03', 653441, 'http://dummyimage.com/247x156.bmp/ff4444/ffffff', 560, 3, 1, 7, 1, 1),
(345, '2017-09-12', '2017-07-31', 661319, 'http://dummyimage.com/110x224.bmp/ff4444/ffffff', 635, 6, 1, 8, 1, 1),
(346, '2017-11-04', '2017-05-22', 672244, 'http://dummyimage.com/167x140.bmp/dddddd/000000', 620, 6, 5, 10, 1, 1),
(347, '2017-09-16', '2017-08-08', 608440, 'http://dummyimage.com/162x249.bmp/ff4444/ffffff', 29, 3, 1, 7, 1, 1),
(348, '2017-10-17', '2017-07-12', 776259, 'http://dummyimage.com/200x191.bmp/ff4444/ffffff', 289, 1, 3, 10, 1, 1),
(349, '2017-09-26', '2017-06-11', 702916, 'http://dummyimage.com/206x149.png/cc0000/ffffff', 722, 6, 4, 9, 1, 1),
(350, '2017-09-26', '2017-06-09', 778781, 'http://dummyimage.com/243x200.png/cc0000/ffffff', 367, 4, 2, 10, 1, 1),
(351, '2017-09-17', '2017-07-16', 770397, 'http://dummyimage.com/182x199.png/5fa2dd/ffffff', 45, 2, 1, 8, 1, 1),
(352, '2017-08-27', '2017-07-02', 660542, 'http://dummyimage.com/200x158.bmp/ff4444/ffffff', 449, 1, 2, 6, 1, 1),
(353, '2017-10-13', '2017-06-11', 772786, 'http://dummyimage.com/248x187.jpg/ff4444/ffffff', 86, 3, 1, 7, 1, 1),
(354, '2017-09-17', '2017-08-04', 715327, 'http://dummyimage.com/194x223.png/dddddd/000000', 358, 5, 4, 10, 1, 1),
(355, '2017-10-12', '2017-06-05', 799413, 'http://dummyimage.com/132x241.bmp/ff4444/ffffff', 610, 6, 1, 6, 1, 1),
(356, '2017-10-12', '2017-06-30', 782125, 'http://dummyimage.com/166x227.jpg/5fa2dd/ffffff', 382, 1, 5, 6, 2, 1),
(357, '2017-11-14', '2017-08-05', 765596, 'http://dummyimage.com/138x245.png/ff4444/ffffff', 420, 6, 5, 8, 1, 1),
(358, '2017-09-14', '2017-06-28', 614511, 'http://dummyimage.com/106x209.png/ff4444/ffffff', 155, 5, 4, 6, 1, 1),
(359, '2017-09-28', '2017-07-10', 695555, 'http://dummyimage.com/203x229.bmp/5fa2dd/ffffff', 190, 1, 4, 6, 1, 1),
(360, '2017-11-01', '2017-07-25', 730415, 'http://dummyimage.com/224x148.jpg/ff4444/ffffff', 353, 3, 3, 10, 1, 1),
(361, '2017-08-31', '2017-07-25', 618796, 'http://dummyimage.com/191x167.jpg/ff4444/ffffff', 115, 5, 2, 6, 2, 1),
(362, '2017-10-29', '2017-07-13', 654892, 'http://dummyimage.com/139x160.bmp/ff4444/ffffff', 706, 6, 5, 9, 1, 1),
(363, '2017-10-19', '2017-05-28', 774540, 'http://dummyimage.com/143x108.bmp/ff4444/ffffff', 640, 5, 1, 7, 1, 1),
(364, '2017-11-15', '2017-08-01', 637216, 'http://dummyimage.com/179x108.jpg/dddddd/000000', 544, 4, 2, 7, 1, 1),
(365, '2017-09-26', '2017-06-09', 625206, 'http://dummyimage.com/108x235.bmp/cc0000/ffffff', 511, 3, 1, 9, 1, 1),
(366, '2017-10-04', '2017-07-22', 718258, 'http://dummyimage.com/103x188.jpg/5fa2dd/ffffff', 130, 3, 3, 7, 1, 1),
(367, '2017-09-08', '2017-07-28', 637754, 'http://dummyimage.com/237x132.bmp/cc0000/ffffff', 716, 4, 2, 10, 1, 1),
(368, '2017-10-14', '2017-08-08', 682016, 'http://dummyimage.com/123x247.jpg/5fa2dd/ffffff', 59, 4, 5, 8, 1, 1),
(369, '2017-09-03', '2017-07-27', 636444, 'http://dummyimage.com/154x159.png/ff4444/ffffff', 398, 1, 4, 6, 1, 1),
(370, '2017-08-29', '2017-08-01', 775814, 'http://dummyimage.com/246x199.bmp/5fa2dd/ffffff', 205, 1, 1, 9, 1, 1),
(371, '2017-10-24', '2017-08-14', 713539, 'http://dummyimage.com/171x230.png/ff4444/ffffff', 193, 3, 1, 7, 1, 1),
(372, '2017-10-12', '2017-07-16', 683193, 'http://dummyimage.com/164x185.png/5fa2dd/ffffff', 134, 5, 4, 10, 1, 1),
(373, '2017-08-22', '2017-06-04', 725810, 'http://dummyimage.com/218x146.png/cc0000/ffffff', 440, 2, 3, 6, 1, 1),
(374, '2017-10-02', '2017-07-15', 722852, 'http://dummyimage.com/218x160.bmp/cc0000/ffffff', 707, 5, 5, 6, 1, 1),
(375, '2017-09-19', '2017-08-16', 773679, 'http://dummyimage.com/173x224.bmp/ff4444/ffffff', 339, 6, 5, 10, 1, 1),
(376, '2017-11-08', '2017-07-06', 762737, 'http://dummyimage.com/161x147.png/cc0000/ffffff', 2, 4, 5, 6, 1, 1),
(377, '2017-10-21', '2017-07-22', 773414, 'http://dummyimage.com/216x187.bmp/5fa2dd/ffffff', 286, 3, 1, 6, 1, 1),
(378, '2017-09-16', '2017-06-06', 747315, 'http://dummyimage.com/170x184.jpg/5fa2dd/ffffff', 301, 3, 1, 6, 1, 1),
(379, '2017-09-01', '2017-05-23', 695478, 'http://dummyimage.com/243x146.jpg/dddddd/000000', 328, 4, 3, 7, 1, 1),
(380, '2017-10-19', '2017-07-01', 776040, 'http://dummyimage.com/194x239.bmp/dddddd/000000', 186, 3, 2, 9, 1, 1),
(381, '2017-10-04', '2017-06-24', 725014, 'http://dummyimage.com/183x195.bmp/cc0000/ffffff', 149, 5, 4, 8, 1, 1),
(382, '2017-08-25', '2017-08-05', 664876, 'http://dummyimage.com/227x136.png/cc0000/ffffff', 428, 2, 3, 7, 1, 1),
(383, '2017-10-15', '2017-07-31', 697978, 'http://dummyimage.com/203x158.bmp/dddddd/000000', 549, 2, 1, 10, 1, 1),
(384, '2017-11-07', '2017-08-03', 719111, 'http://dummyimage.com/144x176.jpg/cc0000/ffffff', 721, 1, 2, 9, 1, 1),
(385, '2017-09-22', '2017-08-07', 666616, 'http://dummyimage.com/232x102.bmp/5fa2dd/ffffff', 26, 1, 5, 6, 1, 1),
(386, '2017-10-28', '2017-08-02', 646161, 'http://dummyimage.com/100x129.bmp/5fa2dd/ffffff', 297, 4, 2, 7, 1, 1),
(387, '2017-10-13', '2017-05-25', 791803, 'http://dummyimage.com/131x231.png/5fa2dd/ffffff', 687, 2, 2, 9, 2, 1),
(388, '2017-10-06', '2017-07-05', 627124, 'http://dummyimage.com/200x241.jpg/5fa2dd/ffffff', 201, 2, 3, 6, 2, 1),
(389, '2017-09-21', '2017-08-05', 678086, 'http://dummyimage.com/236x122.bmp/ff4444/ffffff', 318, 2, 1, 10, 2, 1),
(390, '2017-10-27', '2017-07-10', 722587, 'http://dummyimage.com/149x250.png/dddddd/000000', 336, 3, 3, 8, 1, 1),
(391, '2017-09-20', '2017-08-02', 623726, 'http://dummyimage.com/220x135.jpg/5fa2dd/ffffff', 676, 3, 3, 10, 1, 1),
(392, '2017-10-27', '2017-06-08', 641910, 'http://dummyimage.com/155x190.bmp/ff4444/ffffff', 436, 3, 2, 10, 1, 1),
(393, '2017-09-18', '2017-06-13', 702543, 'http://dummyimage.com/171x236.jpg/ff4444/ffffff', 195, 6, 3, 7, 1, 1),
(394, '2017-09-15', '2017-07-27', 693008, 'http://dummyimage.com/112x154.png/ff4444/ffffff', 331, 6, 1, 9, 1, 1),
(395, '2017-10-25', '2017-07-29', 762659, 'http://dummyimage.com/169x185.jpg/dddddd/000000', 120, 6, 1, 7, 1, 1),
(396, '2017-11-14', '2017-06-25', 723123, 'http://dummyimage.com/215x116.png/ff4444/ffffff', 375, 5, 5, 9, 1, 1),
(397, '2017-10-28', '2017-07-19', 618170, 'http://dummyimage.com/164x191.bmp/cc0000/ffffff', 637, 6, 3, 9, 1, 1),
(398, '2017-10-29', '2017-05-25', 698757, 'http://dummyimage.com/226x217.png/5fa2dd/ffffff', 283, 4, 4, 8, 1, 1),
(399, '2017-09-10', '2017-08-06', 717907, 'http://dummyimage.com/125x115.png/ff4444/ffffff', 311, 1, 2, 7, 1, 1),
(400, '2017-10-05', '2017-06-09', 648951, 'http://dummyimage.com/181x162.bmp/ff4444/ffffff', 682, 2, 3, 8, 1, 1),
(401, '2017-11-02', '2017-07-07', 681778, 'http://dummyimage.com/161x129.bmp/dddddd/000000', 366, 5, 5, 10, 1, 1),
(402, '2017-09-30', '2017-06-18', 643119, 'http://dummyimage.com/121x226.bmp/5fa2dd/ffffff', 224, 6, 1, 10, 1, 1),
(403, '2017-10-04', '2017-07-01', 777245, 'http://dummyimage.com/188x238.png/ff4444/ffffff', 44, 5, 1, 6, 1, 1),
(404, '2017-10-04', '2017-05-28', 788286, 'http://dummyimage.com/153x118.bmp/dddddd/000000', 135, 5, 4, 10, 1, 1),
(405, '2017-10-22', '2017-08-11', 650061, 'http://dummyimage.com/230x181.png/5fa2dd/ffffff', 545, 3, 2, 9, 1, 1),
(406, '2017-09-25', '2017-08-02', 774066, 'http://dummyimage.com/238x163.jpg/5fa2dd/ffffff', 493, 5, 4, 8, 1, 1),
(407, '2017-10-05', '2017-06-08', 673005, 'http://dummyimage.com/142x102.png/5fa2dd/ffffff', 392, 6, 1, 10, 1, 1),
(408, '2017-08-25', '2017-08-08', 600142, 'http://dummyimage.com/186x216.png/cc0000/ffffff', 509, 6, 3, 8, 1, 1),
(409, '2017-09-25', '2017-06-24', 689594, 'http://dummyimage.com/230x165.bmp/cc0000/ffffff', 147, 3, 2, 7, 1, 1),
(410, '2017-11-08', '2017-05-25', 616981, 'http://dummyimage.com/166x136.bmp/cc0000/ffffff', 392, 2, 4, 10, 1, 1),
(411, '2017-08-29', '2017-06-13', 702872, 'http://dummyimage.com/246x203.bmp/5fa2dd/ffffff', 460, 4, 4, 9, 1, 1),
(412, '2017-09-12', '2017-07-16', 626051, 'http://dummyimage.com/233x130.bmp/ff4444/ffffff', 210, 4, 2, 7, 1, 1),
(413, '2017-10-17', '2017-05-19', 783951, 'http://dummyimage.com/120x131.png/ff4444/ffffff', 61, 1, 1, 9, 1, 1),
(414, '2017-11-01', '2017-06-29', 766242, 'http://dummyimage.com/125x170.bmp/ff4444/ffffff', 686, 5, 4, 6, 1, 1),
(415, '2017-11-01', '2017-06-11', 778886, 'http://dummyimage.com/186x144.bmp/ff4444/ffffff', 742, 4, 1, 10, 1, 1),
(416, '2017-09-17', '2017-08-06', 776515, 'http://dummyimage.com/122x159.png/dddddd/000000', 470, 4, 2, 9, 1, 1),
(417, '2017-10-17', '2017-08-16', 687724, 'http://dummyimage.com/212x122.bmp/cc0000/ffffff', 61, 5, 1, 9, 2, 1),
(418, '2017-09-30', '2017-07-19', 680755, 'http://dummyimage.com/205x208.png/cc0000/ffffff', 195, 1, 5, 10, 1, 1),
(419, '2017-11-04', '2017-08-11', 668308, 'http://dummyimage.com/151x218.jpg/ff4444/ffffff', 453, 2, 4, 7, 1, 1),
(420, '2017-08-27', '2017-08-03', 734086, 'http://dummyimage.com/178x216.jpg/ff4444/ffffff', 743, 4, 3, 9, 1, 1),
(421, '2017-09-21', '2017-07-05', 602786, 'http://dummyimage.com/206x100.png/5fa2dd/ffffff', 203, 3, 1, 6, 1, 1),
(422, '2017-09-27', '2017-06-20', 626318, 'http://dummyimage.com/149x147.jpg/5fa2dd/ffffff', 673, 1, 5, 6, 1, 1),
(423, '2017-10-05', '2017-08-10', 768577, 'http://dummyimage.com/131x107.jpg/cc0000/ffffff', 12, 3, 3, 9, 1, 1),
(424, '2017-09-30', '2017-05-28', 708673, 'http://dummyimage.com/165x214.png/5fa2dd/ffffff', 47, 5, 5, 9, 1, 1),
(425, '2017-09-13', '2017-08-15', 714590, 'http://dummyimage.com/103x139.jpg/5fa2dd/ffffff', 412, 1, 1, 8, 1, 1),
(426, '2017-11-15', '2017-06-20', 751359, 'http://dummyimage.com/125x177.bmp/5fa2dd/ffffff', 540, 2, 2, 9, 1, 1),
(427, '2017-09-27', '2017-07-16', 658443, 'http://dummyimage.com/159x206.png/dddddd/000000', 606, 2, 4, 10, 1, 1),
(428, '2017-08-29', '2017-07-11', 680544, 'http://dummyimage.com/196x203.jpg/cc0000/ffffff', 101, 6, 4, 9, 1, 1),
(429, '2017-10-06', '2017-06-23', 666548, 'http://dummyimage.com/217x238.bmp/5fa2dd/ffffff', 485, 4, 2, 9, 1, 1),
(430, '2017-08-30', '2017-06-19', 635085, 'http://dummyimage.com/115x248.bmp/5fa2dd/ffffff', 304, 2, 5, 10, 1, 1),
(431, '2017-10-11', '2017-06-21', 606525, 'http://dummyimage.com/164x159.jpg/dddddd/000000', 651, 2, 4, 6, 1, 1),
(432, '2017-09-17', '2017-07-12', 630732, 'http://dummyimage.com/224x173.bmp/5fa2dd/ffffff', 466, 4, 1, 8, 1, 1),
(433, '2017-11-05', '2017-05-19', 772665, 'http://dummyimage.com/194x192.png/ff4444/ffffff', 593, 2, 5, 6, 1, 1),
(434, '2017-10-25', '2017-07-27', 746721, 'http://dummyimage.com/199x114.bmp/5fa2dd/ffffff', 4, 3, 1, 8, 1, 1),
(435, '2017-08-23', '2017-07-12', 608655, 'http://dummyimage.com/165x215.png/dddddd/000000', 678, 5, 5, 8, 1, 1),
(436, '2017-09-18', '2017-06-22', 646530, 'http://dummyimage.com/151x229.jpg/5fa2dd/ffffff', 514, 3, 1, 7, 1, 1),
(437, '2017-10-08', '2017-07-28', 615917, 'http://dummyimage.com/108x110.jpg/ff4444/ffffff', 415, 3, 1, 7, 1, 1),
(438, '2017-08-30', '2017-06-25', 706819, 'http://dummyimage.com/221x131.bmp/dddddd/000000', 707, 3, 5, 9, 1, 1),
(439, '2017-10-22', '2017-08-02', 688705, 'http://dummyimage.com/180x112.bmp/dddddd/000000', 243, 3, 4, 7, 1, 1),
(440, '2017-08-25', '2017-07-14', 606530, 'http://dummyimage.com/185x127.bmp/cc0000/ffffff', 569, 2, 4, 9, 1, 1),
(441, '2017-09-05', '2017-07-23', 634048, 'http://dummyimage.com/121x108.jpg/ff4444/ffffff', 430, 1, 2, 7, 1, 1),
(442, '2017-09-29', '2017-06-02', 708891, 'http://dummyimage.com/239x111.png/dddddd/000000', 137, 3, 2, 9, 1, 1),
(443, '2017-10-24', '2017-08-14', 795911, 'http://dummyimage.com/149x113.png/cc0000/ffffff', 32, 6, 5, 8, 1, 1),
(444, '2017-08-21', '2017-06-07', 608467, 'http://dummyimage.com/239x216.jpg/dddddd/000000', 550, 1, 5, 7, 1, 1),
(445, '2017-08-30', '2017-07-17', 729846, 'http://dummyimage.com/174x212.bmp/cc0000/ffffff', 306, 4, 4, 8, 1, 1);
INSERT INTO `pemesanan` (`id_pemesanan`, `tw_berangkat`, `tw_pemesanan`, `harga`, `file_tiket`, `id_pelanggan`, `id_maskapai`, `id_bandara_asal`, `id_bandara_tujuan`, `id_status`, `id_user`) VALUES
(446, '2017-10-06', '2017-06-11', 667061, 'http://dummyimage.com/131x162.bmp/5fa2dd/ffffff', 396, 2, 2, 10, 1, 1),
(447, '2017-11-11', '2017-08-08', 665203, 'http://dummyimage.com/147x173.jpg/dddddd/000000', 317, 1, 1, 8, 1, 1),
(448, '2017-10-27', '2017-07-07', 603123, 'http://dummyimage.com/223x172.png/dddddd/000000', 462, 6, 1, 10, 1, 1),
(449, '2017-09-04', '2017-06-09', 687712, 'http://dummyimage.com/244x168.jpg/ff4444/ffffff', 262, 4, 4, 10, 1, 1),
(450, '2017-10-16', '2017-07-28', 680512, 'http://dummyimage.com/236x118.png/ff4444/ffffff', 501, 3, 5, 10, 1, 1),
(451, '2017-10-24', '2017-06-07', 627536, 'http://dummyimage.com/188x118.bmp/5fa2dd/ffffff', 477, 5, 3, 8, 1, 1),
(452, '2017-09-25', '2017-07-17', 722384, 'http://dummyimage.com/232x152.png/ff4444/ffffff', 63, 1, 4, 8, 1, 1),
(453, '2017-09-12', '2017-08-04', 680763, 'http://dummyimage.com/112x219.png/dddddd/000000', 682, 6, 5, 10, 1, 1),
(454, '2017-10-18', '2017-08-08', 789327, 'http://dummyimage.com/103x240.jpg/ff4444/ffffff', 510, 2, 4, 7, 1, 1),
(455, '2017-11-08', '2017-07-11', 758599, 'http://dummyimage.com/195x151.jpg/ff4444/ffffff', 534, 6, 2, 9, 1, 1),
(456, '2017-10-19', '2017-05-25', 790183, 'http://dummyimage.com/140x118.png/dddddd/000000', 132, 3, 4, 10, 1, 1),
(457, '2017-10-18', '2017-08-12', 774312, 'http://dummyimage.com/171x227.bmp/5fa2dd/ffffff', 593, 4, 5, 8, 2, 1),
(458, '2017-10-18', '2017-07-05', 684227, 'http://dummyimage.com/128x133.png/5fa2dd/ffffff', 59, 4, 3, 8, 1, 1),
(459, '2017-10-21', '2017-08-17', 634725, 'http://dummyimage.com/203x125.bmp/5fa2dd/ffffff', 448, 2, 5, 10, 1, 1),
(460, '2017-10-25', '2017-06-25', 673853, 'http://dummyimage.com/195x205.png/5fa2dd/ffffff', 601, 4, 5, 6, 1, 1),
(461, '2017-08-24', '2017-07-19', 623148, 'http://dummyimage.com/196x149.bmp/5fa2dd/ffffff', 422, 1, 4, 6, 1, 1),
(462, '2017-09-02', '2017-06-09', 620488, 'http://dummyimage.com/238x120.bmp/cc0000/ffffff', 581, 6, 2, 7, 1, 1),
(463, '2017-10-19', '2017-08-05', 722337, 'http://dummyimage.com/185x225.png/5fa2dd/ffffff', 258, 2, 4, 10, 1, 1),
(464, '2017-10-20', '2017-05-27', 664851, 'http://dummyimage.com/200x195.png/cc0000/ffffff', 632, 5, 3, 9, 1, 1),
(465, '2017-11-15', '2017-08-02', 712049, 'http://dummyimage.com/129x197.bmp/cc0000/ffffff', 333, 1, 2, 10, 1, 1),
(466, '2017-11-10', '2017-06-04', 609613, 'http://dummyimage.com/177x237.bmp/dddddd/000000', 23, 1, 4, 7, 1, 1),
(467, '2017-10-14', '2017-07-17', 634867, 'http://dummyimage.com/244x152.bmp/dddddd/000000', 448, 2, 5, 9, 1, 1),
(468, '2017-10-28', '2017-06-14', 662986, 'http://dummyimage.com/153x230.png/dddddd/000000', 488, 6, 1, 8, 1, 1),
(469, '2017-10-27', '2017-07-24', 651152, 'http://dummyimage.com/231x202.jpg/ff4444/ffffff', 425, 4, 3, 6, 1, 1),
(470, '2017-09-17', '2017-06-23', 794674, 'http://dummyimage.com/174x176.jpg/ff4444/ffffff', 441, 3, 1, 8, 2, 1),
(471, '2017-10-21', '2017-07-31', 691066, 'http://dummyimage.com/218x172.png/cc0000/ffffff', 486, 3, 3, 7, 1, 1),
(472, '2017-09-07', '2017-08-08', 786061, 'http://dummyimage.com/132x211.png/cc0000/ffffff', 34, 1, 5, 9, 1, 1),
(473, '2017-10-11', '2017-08-05', 608540, 'http://dummyimage.com/206x198.jpg/5fa2dd/ffffff', 113, 3, 5, 8, 1, 1),
(474, '2017-08-21', '2017-06-28', 793032, 'http://dummyimage.com/173x215.png/cc0000/ffffff', 173, 3, 1, 7, 1, 1),
(475, '2017-08-28', '2017-08-06', 773831, 'http://dummyimage.com/232x241.bmp/cc0000/ffffff', 429, 6, 3, 9, 1, 1),
(476, '2017-10-04', '2017-06-21', 676954, 'http://dummyimage.com/117x119.png/cc0000/ffffff', 492, 4, 1, 8, 1, 1),
(477, '2017-11-07', '2017-07-25', 616234, 'http://dummyimage.com/188x233.png/ff4444/ffffff', 435, 5, 4, 9, 1, 1),
(478, '2017-10-17', '2017-06-26', 710678, 'http://dummyimage.com/238x153.bmp/5fa2dd/ffffff', 329, 3, 2, 9, 1, 1),
(479, '2017-09-28', '2017-06-22', 659248, 'http://dummyimage.com/229x208.jpg/cc0000/ffffff', 319, 5, 1, 9, 1, 1),
(480, '2017-08-23', '2017-05-25', 712241, 'http://dummyimage.com/165x101.jpg/5fa2dd/ffffff', 369, 3, 1, 7, 2, 1),
(481, '2017-09-29', '2017-08-14', 701538, 'http://dummyimage.com/228x229.jpg/ff4444/ffffff', 110, 4, 4, 10, 1, 1),
(482, '2017-10-13', '2017-06-26', 709552, 'http://dummyimage.com/193x209.jpg/5fa2dd/ffffff', 418, 3, 4, 9, 1, 1),
(483, '2017-09-04', '2017-07-12', 628546, 'http://dummyimage.com/206x196.bmp/5fa2dd/ffffff', 607, 6, 5, 10, 1, 1),
(484, '2017-08-21', '2017-08-01', 700987, 'http://dummyimage.com/246x206.png/cc0000/ffffff', 740, 2, 3, 7, 1, 1),
(485, '2017-08-28', '2017-07-24', 628743, 'http://dummyimage.com/234x114.png/ff4444/ffffff', 415, 3, 1, 10, 1, 1),
(486, '2017-10-28', '2017-08-15', 691555, 'http://dummyimage.com/162x160.png/5fa2dd/ffffff', 67, 2, 2, 9, 1, 1),
(487, '2017-09-07', '2017-07-06', 715078, 'http://dummyimage.com/187x243.png/dddddd/000000', 271, 6, 2, 7, 1, 1),
(488, '2017-10-12', '2017-05-30', 790186, 'http://dummyimage.com/190x194.bmp/dddddd/000000', 558, 4, 4, 10, 1, 1),
(489, '2017-08-22', '2017-08-04', 664360, 'http://dummyimage.com/203x166.png/ff4444/ffffff', 637, 6, 5, 8, 1, 1),
(490, '2017-10-29', '2017-08-14', 606859, 'http://dummyimage.com/115x103.jpg/5fa2dd/ffffff', 13, 4, 4, 9, 1, 1),
(491, '2017-10-14', '2017-08-04', 705158, 'http://dummyimage.com/159x110.png/dddddd/000000', 195, 5, 5, 8, 1, 1),
(492, '2017-10-08', '2017-08-17', 628390, 'http://dummyimage.com/240x149.jpg/ff4444/ffffff', 461, 2, 3, 7, 1, 1),
(493, '2017-11-16', '2017-07-04', 784824, 'http://dummyimage.com/241x187.jpg/dddddd/000000', 326, 1, 4, 6, 1, 1),
(494, '2017-09-06', '2017-07-04', 600553, 'http://dummyimage.com/224x217.jpg/dddddd/000000', 638, 6, 3, 6, 1, 1),
(495, '2017-08-26', '2017-08-18', 618265, 'http://dummyimage.com/216x152.bmp/dddddd/000000', 286, 6, 2, 8, 2, 1),
(496, '2017-08-30', '2017-07-26', 757257, 'http://dummyimage.com/123x154.bmp/cc0000/ffffff', 429, 3, 2, 9, 1, 1),
(497, '2017-10-29', '2017-07-26', 727230, 'http://dummyimage.com/107x174.bmp/5fa2dd/ffffff', 292, 5, 3, 10, 1, 1),
(498, '2017-09-09', '2017-07-26', 674103, 'http://dummyimage.com/195x203.png/ff4444/ffffff', 529, 6, 2, 10, 1, 1),
(499, '2017-08-23', '2017-07-09', 625442, 'http://dummyimage.com/202x214.jpg/cc0000/ffffff', 630, 5, 4, 9, 1, 1),
(500, '2017-11-13', '2017-08-11', 660447, 'http://dummyimage.com/149x197.bmp/cc0000/ffffff', 606, 4, 4, 10, 1, 1),
(501, '2018-02-13', '2017-10-23', 771288, 'http://dummyimage.com/135x233.bmp/5fa2dd/ffffff', 566, 3, 2, 9, 1, 1),
(502, '2018-02-11', '2017-08-20', 713730, 'http://dummyimage.com/204x166.png/dddddd/000000', 13, 3, 4, 10, 1, 1),
(503, '2018-01-10', '2017-08-31', 753933, 'http://dummyimage.com/218x137.png/ff4444/ffffff', 526, 6, 4, 7, 2, 1),
(504, '2017-12-12', '2017-10-23', 691940, 'http://dummyimage.com/171x162.bmp/dddddd/000000', 72, 6, 2, 9, 1, 1),
(505, '2018-02-18', '2017-11-15', 788981, 'http://dummyimage.com/148x109.png/dddddd/000000', 741, 3, 3, 6, 1, 1),
(506, '2017-12-05', '2017-10-15', 647025, 'http://dummyimage.com/106x228.png/ff4444/ffffff', 153, 6, 5, 10, 1, 1),
(507, '2018-01-09', '2017-10-10', 731573, 'http://dummyimage.com/128x140.jpg/dddddd/000000', 401, 1, 2, 9, 1, 1),
(508, '2018-01-01', '2017-08-31', 604124, 'http://dummyimage.com/231x228.jpg/5fa2dd/ffffff', 649, 6, 5, 9, 1, 1),
(509, '2018-01-22', '2017-08-20', 633439, 'http://dummyimage.com/166x146.bmp/cc0000/ffffff', 225, 1, 2, 9, 1, 1),
(510, '2018-01-04', '2017-09-05', 751047, 'http://dummyimage.com/229x128.bmp/dddddd/000000', 121, 1, 4, 9, 1, 1),
(511, '2018-01-21', '2017-09-09', 737908, 'http://dummyimage.com/178x119.bmp/dddddd/000000', 444, 2, 5, 10, 1, 1),
(512, '2017-12-08', '2017-09-09', 717425, 'http://dummyimage.com/158x220.bmp/5fa2dd/ffffff', 331, 1, 1, 8, 1, 1),
(513, '2018-01-25', '2017-09-07', 683561, 'http://dummyimage.com/169x108.png/5fa2dd/ffffff', 207, 4, 5, 10, 1, 1),
(514, '2018-01-24', '2017-09-19', 732679, 'http://dummyimage.com/188x186.jpg/ff4444/ffffff', 143, 5, 2, 9, 1, 1),
(515, '2018-01-22', '2017-08-23', 723722, 'http://dummyimage.com/201x115.jpg/ff4444/ffffff', 133, 1, 1, 6, 1, 1),
(516, '2018-01-10', '2017-09-19', 680203, 'http://dummyimage.com/141x138.bmp/dddddd/000000', 170, 3, 4, 6, 1, 1),
(517, '2018-02-09', '2017-11-10', 624259, 'http://dummyimage.com/120x152.jpg/cc0000/ffffff', 467, 5, 3, 8, 1, 1),
(518, '2017-12-09', '2017-09-07', 625703, 'http://dummyimage.com/133x105.bmp/cc0000/ffffff', 677, 3, 4, 9, 1, 1),
(519, '2017-12-23', '2017-11-13', 632717, 'http://dummyimage.com/119x124.png/dddddd/000000', 535, 6, 1, 9, 1, 1),
(520, '2017-12-23', '2017-10-03', 659583, 'http://dummyimage.com/227x151.jpg/cc0000/ffffff', 477, 6, 5, 8, 2, 1),
(521, '2018-01-24', '2017-10-07', 622537, 'http://dummyimage.com/153x195.bmp/ff4444/ffffff', 409, 6, 2, 7, 1, 1),
(522, '2017-12-07', '2017-09-20', 693257, 'http://dummyimage.com/106x238.png/cc0000/ffffff', 45, 5, 4, 10, 1, 1),
(523, '2017-12-17', '2017-08-26', 604513, 'http://dummyimage.com/250x140.jpg/cc0000/ffffff', 556, 2, 2, 10, 1, 1),
(524, '2017-11-30', '2017-10-26', 666000, 'http://dummyimage.com/107x182.bmp/5fa2dd/ffffff', 16, 5, 1, 9, 1, 1),
(525, '2017-12-19', '2017-11-16', 659534, 'http://dummyimage.com/175x163.jpg/ff4444/ffffff', 38, 6, 1, 7, 2, 1),
(526, '2017-12-19', '2017-09-21', 746999, 'http://dummyimage.com/133x234.bmp/ff4444/ffffff', 324, 2, 3, 8, 1, 1),
(527, '2017-11-21', '2017-11-03', 695420, 'http://dummyimage.com/154x183.bmp/dddddd/000000', 38, 2, 4, 8, 1, 1),
(528, '2018-01-01', '2017-08-28', 741812, 'http://dummyimage.com/135x138.jpg/dddddd/000000', 174, 1, 5, 7, 1, 1),
(529, '2018-01-06', '2017-10-17', 625101, 'http://dummyimage.com/246x145.png/cc0000/ffffff', 132, 5, 1, 7, 2, 1),
(530, '2018-01-10', '2017-08-31', 610157, 'http://dummyimage.com/162x186.png/cc0000/ffffff', 620, 2, 4, 9, 1, 1),
(531, '2018-02-11', '2017-09-30', 795979, 'http://dummyimage.com/226x208.bmp/cc0000/ffffff', 477, 3, 4, 8, 1, 1),
(532, '2018-01-07', '2017-10-24', 606591, 'http://dummyimage.com/214x156.bmp/ff4444/ffffff', 260, 4, 4, 6, 1, 1),
(533, '2017-12-01', '2017-09-30', 639280, 'http://dummyimage.com/225x175.jpg/dddddd/000000', 17, 3, 2, 7, 1, 1),
(534, '2018-01-12', '2017-10-25', 607328, 'http://dummyimage.com/174x129.bmp/ff4444/ffffff', 517, 1, 3, 6, 1, 1),
(535, '2017-11-27', '2017-09-14', 783044, 'http://dummyimage.com/122x217.jpg/cc0000/ffffff', 229, 6, 4, 6, 1, 1),
(536, '2018-02-14', '2017-10-24', 707504, 'http://dummyimage.com/185x184.bmp/dddddd/000000', 633, 3, 1, 10, 1, 1),
(537, '2017-12-27', '2017-10-26', 796889, 'http://dummyimage.com/212x117.bmp/dddddd/000000', 650, 3, 3, 8, 1, 1),
(538, '2018-02-14', '2017-10-05', 721876, 'http://dummyimage.com/113x210.png/ff4444/ffffff', 71, 1, 2, 10, 1, 1),
(539, '2017-12-21', '2017-10-18', 652894, 'http://dummyimage.com/227x160.png/ff4444/ffffff', 432, 5, 5, 6, 1, 1),
(540, '2018-02-16', '2017-10-09', 659069, 'http://dummyimage.com/188x196.png/5fa2dd/ffffff', 338, 5, 3, 6, 1, 1),
(541, '2017-11-29', '2017-09-24', 782952, 'http://dummyimage.com/142x205.png/cc0000/ffffff', 535, 1, 4, 8, 1, 1),
(542, '2017-11-23', '2017-10-23', 680511, 'http://dummyimage.com/207x163.png/5fa2dd/ffffff', 750, 1, 4, 6, 1, 1),
(543, '2018-01-02', '2017-10-28', 616905, 'http://dummyimage.com/163x194.png/5fa2dd/ffffff', 589, 1, 2, 9, 1, 1),
(544, '2017-12-09', '2017-10-06', 734909, 'http://dummyimage.com/181x129.png/dddddd/000000', 363, 1, 1, 6, 1, 1),
(545, '2017-12-16', '2017-10-23', 730765, 'http://dummyimage.com/228x113.png/cc0000/ffffff', 576, 4, 5, 10, 1, 1),
(546, '2018-02-16', '2017-09-25', 698323, 'http://dummyimage.com/244x152.bmp/5fa2dd/ffffff', 192, 2, 1, 8, 1, 1),
(547, '2017-12-27', '2017-10-18', 639341, 'http://dummyimage.com/154x139.png/cc0000/ffffff', 443, 5, 1, 7, 1, 1),
(548, '2018-02-03', '2017-09-18', 649752, 'http://dummyimage.com/248x249.png/5fa2dd/ffffff', 715, 5, 2, 8, 1, 1),
(549, '2017-11-28', '2017-10-08', 623808, 'http://dummyimage.com/205x116.bmp/ff4444/ffffff', 13, 2, 1, 7, 1, 1),
(550, '2017-12-29', '2017-10-15', 787040, 'http://dummyimage.com/112x200.bmp/dddddd/000000', 189, 1, 2, 9, 1, 1),
(551, '2017-11-27', '2017-09-02', 773978, 'http://dummyimage.com/148x242.bmp/cc0000/ffffff', 565, 2, 5, 9, 1, 1),
(552, '2018-01-04', '2017-11-12', 698986, 'http://dummyimage.com/222x150.png/dddddd/000000', 190, 5, 1, 8, 1, 1),
(553, '2018-02-12', '2017-08-29', 772817, 'http://dummyimage.com/162x185.jpg/5fa2dd/ffffff', 521, 4, 5, 9, 1, 1),
(554, '2017-12-20', '2017-10-06', 619544, 'http://dummyimage.com/158x128.png/dddddd/000000', 29, 5, 3, 8, 1, 1),
(555, '2017-12-23', '2017-10-22', 789473, 'http://dummyimage.com/147x125.png/5fa2dd/ffffff', 492, 2, 2, 8, 1, 1),
(556, '2017-12-26', '2017-10-29', 772198, 'http://dummyimage.com/249x226.png/5fa2dd/ffffff', 502, 6, 2, 6, 1, 1),
(557, '2017-12-30', '2017-10-24', 612331, 'http://dummyimage.com/111x142.png/ff4444/ffffff', 138, 6, 2, 9, 1, 1),
(558, '2018-02-10', '2017-10-13', 697427, 'http://dummyimage.com/208x181.bmp/ff4444/ffffff', 740, 3, 2, 9, 1, 1),
(559, '2018-01-16', '2017-10-31', 673066, 'http://dummyimage.com/249x197.bmp/ff4444/ffffff', 375, 3, 3, 8, 1, 1),
(560, '2018-01-10', '2017-10-14', 797585, 'http://dummyimage.com/250x120.png/5fa2dd/ffffff', 23, 4, 5, 9, 1, 1),
(561, '2018-01-17', '2017-11-11', 650659, 'http://dummyimage.com/207x227.png/cc0000/ffffff', 607, 2, 4, 8, 1, 1),
(562, '2017-12-25', '2017-10-04', 688187, 'http://dummyimage.com/175x228.png/ff4444/ffffff', 207, 6, 1, 9, 2, 1),
(563, '2018-01-19', '2017-10-03', 613583, 'http://dummyimage.com/101x141.bmp/ff4444/ffffff', 6, 4, 1, 7, 1, 1),
(564, '2017-12-22', '2017-10-22', 659684, 'http://dummyimage.com/211x103.jpg/5fa2dd/ffffff', 604, 1, 5, 9, 1, 1),
(565, '2018-01-20', '2017-10-16', 740026, 'http://dummyimage.com/137x102.bmp/cc0000/ffffff', 249, 5, 1, 7, 1, 1),
(566, '2018-01-18', '2017-11-12', 721068, 'http://dummyimage.com/246x189.png/dddddd/000000', 603, 3, 4, 6, 1, 1),
(567, '2017-12-11', '2017-08-22', 652984, 'http://dummyimage.com/159x221.bmp/dddddd/000000', 563, 6, 1, 6, 1, 1),
(568, '2017-11-24', '2017-10-30', 636645, 'http://dummyimage.com/240x179.jpg/5fa2dd/ffffff', 367, 2, 4, 8, 1, 1),
(569, '2018-01-23', '2017-09-15', 752106, 'http://dummyimage.com/234x187.bmp/5fa2dd/ffffff', 425, 1, 5, 6, 1, 1),
(570, '2018-02-11', '2017-10-26', 710956, 'http://dummyimage.com/161x159.jpg/cc0000/ffffff', 256, 4, 5, 7, 1, 1),
(571, '2018-01-30', '2017-09-18', 736592, 'http://dummyimage.com/223x248.png/cc0000/ffffff', 379, 1, 3, 9, 1, 1),
(572, '2017-12-28', '2017-11-04', 606387, 'http://dummyimage.com/165x177.jpg/cc0000/ffffff', 383, 4, 2, 6, 1, 1),
(573, '2018-01-25', '2017-11-09', 727537, 'http://dummyimage.com/122x103.jpg/ff4444/ffffff', 667, 3, 5, 6, 1, 1),
(574, '2018-02-18', '2017-10-11', 638481, 'http://dummyimage.com/184x105.png/cc0000/ffffff', 70, 3, 1, 10, 1, 1),
(575, '2017-11-26', '2017-09-11', 704166, 'http://dummyimage.com/213x196.bmp/ff4444/ffffff', 86, 6, 1, 7, 1, 1),
(576, '2017-12-19', '2017-09-01', 640919, 'http://dummyimage.com/214x113.jpg/dddddd/000000', 334, 3, 1, 10, 1, 1),
(577, '2018-01-02', '2017-10-23', 689079, 'http://dummyimage.com/119x126.bmp/dddddd/000000', 742, 4, 5, 6, 1, 1),
(578, '2018-02-05', '2017-11-01', 605571, 'http://dummyimage.com/146x143.bmp/dddddd/000000', 501, 5, 4, 9, 1, 1),
(579, '2017-12-18', '2017-08-27', 614830, 'http://dummyimage.com/226x193.bmp/dddddd/000000', 528, 2, 2, 7, 1, 1),
(580, '2018-02-02', '2017-08-27', 641178, 'http://dummyimage.com/182x171.jpg/ff4444/ffffff', 144, 1, 1, 8, 1, 1),
(581, '2017-12-09', '2017-10-20', 605839, 'http://dummyimage.com/224x216.bmp/5fa2dd/ffffff', 292, 6, 4, 9, 1, 1),
(582, '2017-11-25', '2017-10-24', 656731, 'http://dummyimage.com/118x164.bmp/5fa2dd/ffffff', 78, 6, 4, 10, 1, 1),
(583, '2018-01-18', '2017-10-17', 729573, 'http://dummyimage.com/245x202.jpg/ff4444/ffffff', 68, 2, 4, 6, 1, 1),
(584, '2017-12-02', '2017-10-01', 712395, 'http://dummyimage.com/155x248.png/ff4444/ffffff', 722, 4, 1, 10, 1, 1),
(585, '2017-12-01', '2017-10-15', 729947, 'http://dummyimage.com/124x107.png/dddddd/000000', 328, 4, 1, 10, 1, 1),
(586, '2018-01-20', '2017-09-04', 625314, 'http://dummyimage.com/154x113.bmp/ff4444/ffffff', 48, 4, 4, 8, 2, 1),
(587, '2018-02-10', '2017-10-26', 733469, 'http://dummyimage.com/101x209.png/5fa2dd/ffffff', 478, 6, 2, 7, 1, 1),
(588, '2017-12-30', '2017-10-11', 631666, 'http://dummyimage.com/112x169.jpg/cc0000/ffffff', 627, 2, 5, 6, 1, 1),
(589, '2017-12-07', '2017-09-19', 611709, 'http://dummyimage.com/223x202.jpg/ff4444/ffffff', 90, 5, 4, 9, 1, 1),
(590, '2017-12-10', '2017-09-21', 780531, 'http://dummyimage.com/225x191.bmp/5fa2dd/ffffff', 208, 5, 1, 9, 1, 1),
(591, '2017-11-20', '2017-09-18', 718880, 'http://dummyimage.com/158x233.png/5fa2dd/ffffff', 26, 3, 1, 10, 1, 1),
(592, '2017-12-18', '2017-09-29', 600756, 'http://dummyimage.com/130x145.jpg/cc0000/ffffff', 149, 1, 2, 10, 1, 1),
(593, '2018-01-16', '2017-11-02', 678391, 'http://dummyimage.com/187x166.bmp/cc0000/ffffff', 145, 3, 1, 6, 1, 1),
(594, '2017-11-24', '2017-10-25', 638287, 'http://dummyimage.com/165x191.jpg/cc0000/ffffff', 750, 6, 4, 9, 1, 1),
(595, '2018-01-09', '2017-09-24', 772865, 'http://dummyimage.com/162x167.jpg/cc0000/ffffff', 685, 6, 4, 10, 1, 1),
(596, '2017-12-07', '2017-09-28', 611442, 'http://dummyimage.com/220x168.bmp/cc0000/ffffff', 242, 1, 5, 6, 1, 1),
(597, '2017-12-30', '2017-08-20', 747026, 'http://dummyimage.com/192x164.png/dddddd/000000', 715, 1, 4, 9, 1, 1),
(598, '2017-12-04', '2017-10-05', 624315, 'http://dummyimage.com/201x227.bmp/ff4444/ffffff', 230, 6, 3, 9, 1, 1),
(599, '2017-12-17', '2017-11-01', 638225, 'http://dummyimage.com/115x157.bmp/cc0000/ffffff', 606, 4, 5, 6, 2, 1),
(600, '2018-02-02', '2017-09-21', 604211, 'http://dummyimage.com/153x217.bmp/cc0000/ffffff', 445, 5, 4, 8, 1, 1),
(601, '2017-12-17', '2017-09-06', 665961, 'http://dummyimage.com/120x142.jpg/ff4444/ffffff', 624, 2, 4, 8, 1, 1),
(602, '2017-12-16', '2017-10-16', 781716, 'http://dummyimage.com/167x241.bmp/cc0000/ffffff', 400, 3, 5, 8, 1, 1),
(603, '2018-01-25', '2017-09-30', 695368, 'http://dummyimage.com/112x153.bmp/dddddd/000000', 201, 1, 2, 9, 1, 1),
(604, '2018-01-29', '2017-09-02', 702381, 'http://dummyimage.com/227x200.jpg/cc0000/ffffff', 531, 6, 5, 7, 1, 1),
(605, '2017-12-22', '2017-10-26', 752403, 'http://dummyimage.com/210x101.jpg/5fa2dd/ffffff', 246, 1, 1, 8, 1, 1),
(606, '2018-02-18', '2017-10-18', 676045, 'http://dummyimage.com/141x215.bmp/dddddd/000000', 385, 3, 5, 6, 1, 1),
(607, '2017-11-23', '2017-09-12', 622876, 'http://dummyimage.com/145x202.bmp/dddddd/000000', 134, 2, 1, 8, 1, 1),
(608, '2017-12-11', '2017-10-13', 793555, 'http://dummyimage.com/129x138.jpg/ff4444/ffffff', 12, 1, 3, 10, 1, 1),
(609, '2018-02-06', '2017-09-12', 766842, 'http://dummyimage.com/229x127.jpg/ff4444/ffffff', 706, 5, 2, 9, 1, 1),
(610, '2018-01-16', '2017-09-07', 684997, 'http://dummyimage.com/204x234.jpg/cc0000/ffffff', 198, 3, 5, 8, 2, 1),
(611, '2017-11-29', '2017-11-09', 736190, 'http://dummyimage.com/116x199.bmp/5fa2dd/ffffff', 93, 3, 5, 8, 1, 1),
(612, '2018-02-11', '2017-08-29', 637891, 'http://dummyimage.com/240x181.jpg/dddddd/000000', 384, 6, 2, 9, 1, 1),
(613, '2018-02-04', '2017-08-26', 733843, 'http://dummyimage.com/218x145.bmp/ff4444/ffffff', 731, 3, 1, 8, 1, 1),
(614, '2017-12-03', '2017-08-23', 779466, 'http://dummyimage.com/174x126.bmp/cc0000/ffffff', 532, 4, 2, 9, 1, 1),
(615, '2018-01-28', '2017-10-05', 652254, 'http://dummyimage.com/147x107.png/dddddd/000000', 441, 2, 5, 7, 1, 1),
(616, '2018-02-10', '2017-08-24', 729176, 'http://dummyimage.com/230x211.png/5fa2dd/ffffff', 8, 5, 3, 8, 1, 1),
(617, '2017-12-10', '2017-09-04', 708444, 'http://dummyimage.com/142x148.jpg/dddddd/000000', 535, 3, 5, 8, 1, 1),
(618, '2018-02-13', '2017-11-18', 662669, 'http://dummyimage.com/229x189.png/ff4444/ffffff', 516, 1, 3, 9, 1, 1),
(619, '2017-12-14', '2017-10-31', 788194, 'http://dummyimage.com/132x243.bmp/ff4444/ffffff', 31, 2, 5, 10, 1, 1),
(620, '2017-11-24', '2017-10-15', 684145, 'http://dummyimage.com/247x121.bmp/5fa2dd/ffffff', 595, 3, 2, 8, 1, 1),
(621, '2017-11-26', '2017-09-23', 747795, 'http://dummyimage.com/215x145.jpg/cc0000/ffffff', 64, 5, 4, 6, 1, 1),
(622, '2018-02-09', '2017-10-24', 693986, 'http://dummyimage.com/127x152.png/cc0000/ffffff', 101, 1, 1, 9, 1, 1),
(623, '2018-01-02', '2017-11-11', 666433, 'http://dummyimage.com/125x205.png/dddddd/000000', 2, 5, 1, 9, 1, 1),
(624, '2018-02-12', '2017-09-25', 691130, 'http://dummyimage.com/106x234.png/cc0000/ffffff', 656, 3, 3, 7, 2, 1),
(625, '2017-12-11', '2017-11-08', 602798, 'http://dummyimage.com/247x143.bmp/dddddd/000000', 722, 6, 2, 8, 1, 1),
(626, '2017-12-07', '2017-09-26', 740858, 'http://dummyimage.com/104x250.png/dddddd/000000', 666, 4, 4, 8, 1, 1),
(627, '2018-01-30', '2017-09-30', 740620, 'http://dummyimage.com/119x125.bmp/ff4444/ffffff', 283, 5, 3, 6, 1, 1),
(628, '2018-01-23', '2017-09-03', 735970, 'http://dummyimage.com/242x248.png/cc0000/ffffff', 578, 3, 3, 10, 1, 1),
(629, '2017-12-24', '2017-09-18', 632078, 'http://dummyimage.com/151x248.bmp/cc0000/ffffff', 551, 5, 2, 10, 1, 1),
(630, '2017-12-21', '2017-08-26', 699884, 'http://dummyimage.com/249x210.jpg/dddddd/000000', 294, 3, 4, 6, 1, 1),
(631, '2017-11-25', '2017-08-21', 770168, 'http://dummyimage.com/248x189.png/5fa2dd/ffffff', 182, 4, 5, 9, 1, 1),
(632, '2018-01-31', '2017-10-05', 688427, 'http://dummyimage.com/119x175.bmp/5fa2dd/ffffff', 437, 1, 3, 10, 1, 1),
(633, '2018-01-21', '2017-09-13', 601295, 'http://dummyimage.com/125x207.bmp/ff4444/ffffff', 42, 6, 4, 9, 1, 1),
(634, '2018-02-10', '2017-11-14', 767882, 'http://dummyimage.com/215x210.bmp/dddddd/000000', 543, 1, 4, 7, 1, 1),
(635, '2017-12-30', '2017-10-10', 614838, 'http://dummyimage.com/113x123.jpg/cc0000/ffffff', 541, 6, 3, 7, 1, 1),
(636, '2018-01-17', '2017-08-25', 759199, 'http://dummyimage.com/198x241.png/cc0000/ffffff', 109, 4, 2, 9, 1, 1),
(637, '2018-01-01', '2017-10-11', 663778, 'http://dummyimage.com/211x228.jpg/cc0000/ffffff', 262, 4, 1, 7, 1, 1),
(638, '2017-12-01', '2017-10-19', 607524, 'http://dummyimage.com/232x122.png/5fa2dd/ffffff', 406, 5, 4, 8, 1, 1),
(639, '2018-02-17', '2017-11-17', 604963, 'http://dummyimage.com/167x239.bmp/cc0000/ffffff', 699, 5, 5, 10, 1, 1),
(640, '2018-01-27', '2017-10-11', 774647, 'http://dummyimage.com/127x152.jpg/dddddd/000000', 154, 2, 4, 9, 1, 1),
(641, '2018-02-17', '2017-09-02', 688161, 'http://dummyimage.com/105x179.png/ff4444/ffffff', 89, 2, 3, 7, 1, 1),
(642, '2018-01-30', '2017-08-24', 654693, 'http://dummyimage.com/116x161.jpg/cc0000/ffffff', 223, 4, 5, 6, 1, 1),
(643, '2018-02-13', '2017-10-20', 799016, 'http://dummyimage.com/222x182.png/5fa2dd/ffffff', 43, 3, 2, 8, 1, 1),
(644, '2018-01-28', '2017-09-30', 716451, 'http://dummyimage.com/246x128.png/ff4444/ffffff', 728, 6, 4, 6, 1, 1),
(645, '2018-01-11', '2017-09-25', 613487, 'http://dummyimage.com/244x192.bmp/ff4444/ffffff', 404, 6, 5, 8, 1, 1),
(646, '2018-01-10', '2017-10-30', 749423, 'http://dummyimage.com/112x100.bmp/dddddd/000000', 115, 4, 1, 6, 1, 1),
(647, '2018-01-02', '2017-08-30', 701125, 'http://dummyimage.com/174x194.png/ff4444/ffffff', 579, 6, 1, 6, 1, 1),
(648, '2018-01-02', '2017-11-04', 769623, 'http://dummyimage.com/158x127.bmp/cc0000/ffffff', 661, 1, 2, 6, 1, 1),
(649, '2018-01-03', '2017-11-05', 705417, 'http://dummyimage.com/154x172.jpg/cc0000/ffffff', 635, 2, 1, 10, 1, 1),
(650, '2017-12-28', '2017-08-25', 684962, 'http://dummyimage.com/124x220.jpg/ff4444/ffffff', 32, 2, 3, 9, 1, 1),
(651, '2017-11-30', '2017-11-07', 725694, 'http://dummyimage.com/206x143.jpg/ff4444/ffffff', 469, 4, 1, 9, 1, 1),
(652, '2017-12-21', '2017-09-10', 707648, 'http://dummyimage.com/153x136.png/5fa2dd/ffffff', 606, 5, 4, 8, 1, 1),
(653, '2018-01-04', '2017-10-13', 783057, 'http://dummyimage.com/121x142.jpg/cc0000/ffffff', 577, 1, 1, 8, 1, 1),
(654, '2018-01-07', '2017-11-14', 654493, 'http://dummyimage.com/103x170.png/ff4444/ffffff', 224, 4, 5, 10, 1, 1),
(655, '2017-12-21', '2017-11-07', 630536, 'http://dummyimage.com/125x173.bmp/cc0000/ffffff', 408, 4, 2, 6, 2, 1),
(656, '2017-11-26', '2017-10-16', 735624, 'http://dummyimage.com/115x142.jpg/cc0000/ffffff', 530, 6, 1, 7, 1, 1),
(657, '2017-12-07', '2017-10-28', 636936, 'http://dummyimage.com/121x136.bmp/cc0000/ffffff', 138, 3, 2, 7, 2, 1),
(658, '2017-12-27', '2017-10-16', 700427, 'http://dummyimage.com/153x213.jpg/dddddd/000000', 339, 6, 3, 8, 1, 1),
(659, '2018-01-30', '2017-09-10', 681492, 'http://dummyimage.com/222x117.bmp/cc0000/ffffff', 41, 4, 2, 6, 1, 1),
(660, '2018-02-10', '2017-10-29', 657879, 'http://dummyimage.com/178x221.png/ff4444/ffffff', 33, 1, 2, 6, 1, 1),
(661, '2017-12-20', '2017-10-19', 677558, 'http://dummyimage.com/100x106.png/dddddd/000000', 467, 1, 2, 9, 1, 1),
(662, '2017-11-25', '2017-10-08', 764275, 'http://dummyimage.com/169x158.bmp/ff4444/ffffff', 742, 3, 3, 9, 1, 1),
(663, '2017-11-28', '2017-09-14', 666462, 'http://dummyimage.com/142x120.jpg/dddddd/000000', 538, 2, 5, 6, 1, 1),
(664, '2018-01-15', '2017-08-31', 753668, 'http://dummyimage.com/211x124.bmp/ff4444/ffffff', 733, 6, 5, 10, 1, 1),
(665, '2018-01-21', '2017-11-04', 731198, 'http://dummyimage.com/117x117.png/5fa2dd/ffffff', 435, 3, 3, 10, 1, 1),
(666, '2018-02-17', '2017-10-10', 616018, 'http://dummyimage.com/196x225.jpg/cc0000/ffffff', 222, 1, 1, 8, 1, 1),
(667, '2017-11-30', '2017-10-23', 726863, 'http://dummyimage.com/208x174.jpg/5fa2dd/ffffff', 228, 5, 5, 10, 1, 1),
(668, '2017-12-20', '2017-10-30', 793488, 'http://dummyimage.com/227x206.jpg/ff4444/ffffff', 750, 6, 4, 7, 1, 1),
(669, '2018-02-18', '2017-10-07', 711524, 'http://dummyimage.com/175x220.png/dddddd/000000', 650, 5, 1, 10, 1, 1),
(670, '2018-02-13', '2017-10-14', 788706, 'http://dummyimage.com/194x226.jpg/dddddd/000000', 617, 2, 4, 9, 2, 1),
(671, '2018-02-13', '2017-09-15', 626396, 'http://dummyimage.com/167x123.png/cc0000/ffffff', 291, 3, 4, 10, 1, 1),
(672, '2017-12-27', '2017-10-29', 776772, 'http://dummyimage.com/223x134.bmp/cc0000/ffffff', 276, 2, 1, 8, 1, 1),
(673, '2017-11-30', '2017-11-13', 780357, 'http://dummyimage.com/182x177.bmp/5fa2dd/ffffff', 669, 1, 5, 10, 1, 1),
(674, '2018-01-24', '2017-11-10', 695220, 'http://dummyimage.com/214x152.jpg/dddddd/000000', 335, 6, 1, 10, 1, 1),
(675, '2017-12-18', '2017-09-14', 718471, 'http://dummyimage.com/101x114.jpg/dddddd/000000', 369, 5, 1, 8, 1, 1),
(676, '2017-12-08', '2017-10-31', 671765, 'http://dummyimage.com/225x205.png/cc0000/ffffff', 720, 5, 4, 9, 1, 1),
(677, '2018-01-02', '2017-09-16', 697077, 'http://dummyimage.com/122x155.png/5fa2dd/ffffff', 102, 5, 1, 7, 1, 1),
(678, '2017-12-30', '2017-09-17', 628467, 'http://dummyimage.com/176x117.png/cc0000/ffffff', 29, 2, 5, 8, 1, 1),
(679, '2018-02-06', '2017-09-13', 621534, 'http://dummyimage.com/234x189.bmp/cc0000/ffffff', 519, 2, 3, 10, 1, 1),
(680, '2018-02-14', '2017-10-21', 757357, 'http://dummyimage.com/232x128.jpg/dddddd/000000', 565, 4, 5, 6, 1, 1),
(681, '2017-12-04', '2017-10-23', 644992, 'http://dummyimage.com/117x231.jpg/cc0000/ffffff', 267, 3, 5, 9, 1, 1),
(682, '2018-01-02', '2017-09-26', 714791, 'http://dummyimage.com/207x150.jpg/ff4444/ffffff', 667, 3, 3, 8, 1, 1),
(683, '2018-01-18', '2017-11-10', 746034, 'http://dummyimage.com/154x112.png/ff4444/ffffff', 515, 6, 5, 9, 1, 1),
(684, '2018-02-11', '2017-11-06', 743102, 'http://dummyimage.com/246x237.png/ff4444/ffffff', 298, 5, 3, 6, 1, 1),
(685, '2018-01-28', '2017-09-03', 726591, 'http://dummyimage.com/136x112.png/cc0000/ffffff', 597, 4, 1, 7, 1, 1),
(686, '2017-12-29', '2017-09-17', 759664, 'http://dummyimage.com/110x199.jpg/ff4444/ffffff', 443, 5, 3, 8, 1, 1),
(687, '2018-01-31', '2017-10-24', 629205, 'http://dummyimage.com/208x171.png/cc0000/ffffff', 560, 1, 3, 8, 2, 1),
(688, '2018-02-15', '2017-11-18', 678843, 'http://dummyimage.com/137x168.bmp/ff4444/ffffff', 616, 6, 2, 10, 1, 1),
(689, '2018-01-10', '2017-10-02', 623756, 'http://dummyimage.com/134x229.bmp/5fa2dd/ffffff', 163, 2, 3, 9, 1, 1),
(690, '2018-02-14', '2017-09-20', 701294, 'http://dummyimage.com/198x126.jpg/ff4444/ffffff', 153, 4, 1, 6, 2, 1),
(691, '2017-12-13', '2017-10-14', 600246, 'http://dummyimage.com/189x117.png/ff4444/ffffff', 553, 3, 1, 9, 1, 1),
(692, '2018-01-26', '2017-10-27', 659482, 'http://dummyimage.com/200x197.jpg/dddddd/000000', 282, 2, 3, 9, 1, 1),
(693, '2017-11-25', '2017-10-02', 650264, 'http://dummyimage.com/167x223.png/cc0000/ffffff', 151, 1, 4, 8, 1, 1),
(694, '2017-12-14', '2017-11-09', 787283, 'http://dummyimage.com/101x109.png/5fa2dd/ffffff', 152, 1, 3, 9, 1, 1),
(695, '2018-02-03', '2017-10-10', 642841, 'http://dummyimage.com/111x170.bmp/cc0000/ffffff', 373, 5, 2, 9, 1, 1),
(696, '2017-12-11', '2017-10-03', 673625, 'http://dummyimage.com/207x224.jpg/ff4444/ffffff', 663, 3, 1, 7, 1, 1),
(697, '2017-12-20', '2017-08-23', 638815, 'http://dummyimage.com/209x230.jpg/ff4444/ffffff', 589, 1, 1, 10, 1, 1),
(698, '2018-01-28', '2017-08-27', 770609, 'http://dummyimage.com/111x155.png/dddddd/000000', 735, 5, 4, 7, 1, 1),
(699, '2018-02-03', '2017-10-19', 615578, 'http://dummyimage.com/130x194.bmp/ff4444/ffffff', 286, 6, 1, 9, 1, 1),
(700, '2018-02-07', '2017-11-18', 753153, 'http://dummyimage.com/125x241.png/cc0000/ffffff', 542, 5, 4, 6, 1, 1),
(701, '2018-01-27', '2017-09-25', 777678, 'http://dummyimage.com/186x248.bmp/5fa2dd/ffffff', 395, 4, 1, 9, 1, 1),
(702, '2018-01-02', '2017-11-10', 698239, 'http://dummyimage.com/105x161.jpg/5fa2dd/ffffff', 531, 6, 5, 10, 1, 1),
(703, '2017-12-09', '2017-09-17', 685932, 'http://dummyimage.com/189x130.png/dddddd/000000', 232, 1, 3, 10, 1, 1),
(704, '2017-11-28', '2017-10-09', 601311, 'http://dummyimage.com/215x218.bmp/ff4444/ffffff', 604, 5, 3, 7, 1, 1),
(705, '2017-12-02', '2017-10-09', 723608, 'http://dummyimage.com/101x105.png/dddddd/000000', 606, 2, 5, 7, 1, 1),
(706, '2018-01-08', '2017-08-22', 760803, 'http://dummyimage.com/170x144.png/cc0000/ffffff', 26, 6, 3, 6, 1, 1),
(707, '2017-12-02', '2017-09-01', 659912, 'http://dummyimage.com/103x227.png/cc0000/ffffff', 228, 5, 3, 7, 2, 1),
(708, '2017-12-25', '2017-09-29', 612113, 'http://dummyimage.com/179x110.bmp/ff4444/ffffff', 425, 1, 4, 10, 2, 1),
(709, '2018-02-02', '2017-09-13', 742165, 'http://dummyimage.com/173x106.jpg/dddddd/000000', 162, 1, 3, 6, 2, 1),
(710, '2018-01-15', '2017-09-20', 708622, 'http://dummyimage.com/157x112.png/dddddd/000000', 412, 1, 3, 6, 1, 1),
(711, '2017-12-25', '2017-09-08', 705112, 'http://dummyimage.com/121x148.jpg/ff4444/ffffff', 498, 4, 4, 7, 1, 1),
(712, '2018-01-31', '2017-09-17', 745184, 'http://dummyimage.com/193x180.png/cc0000/ffffff', 645, 1, 4, 8, 1, 1),
(713, '2018-02-13', '2017-09-12', 791117, 'http://dummyimage.com/237x131.jpg/ff4444/ffffff', 628, 4, 2, 10, 1, 1),
(714, '2018-01-27', '2017-11-13', 798012, 'http://dummyimage.com/134x205.jpg/ff4444/ffffff', 652, 6, 5, 9, 1, 1),
(715, '2018-01-05', '2017-09-09', 798310, 'http://dummyimage.com/128x141.bmp/5fa2dd/ffffff', 448, 2, 5, 10, 1, 1),
(716, '2017-12-05', '2017-08-20', 749100, 'http://dummyimage.com/237x244.bmp/5fa2dd/ffffff', 745, 2, 2, 9, 1, 1),
(717, '2018-01-31', '2017-08-22', 673671, 'http://dummyimage.com/186x110.jpg/ff4444/ffffff', 497, 5, 4, 6, 1, 1),
(718, '2018-01-02', '2017-08-22', 725593, 'http://dummyimage.com/240x190.png/cc0000/ffffff', 740, 2, 5, 8, 1, 1),
(719, '2017-12-10', '2017-10-18', 783524, 'http://dummyimage.com/153x145.bmp/ff4444/ffffff', 236, 3, 5, 10, 1, 1),
(720, '2018-01-02', '2017-08-27', 650066, 'http://dummyimage.com/215x111.bmp/5fa2dd/ffffff', 14, 5, 3, 9, 1, 1),
(721, '2017-12-18', '2017-11-09', 655053, 'http://dummyimage.com/150x220.png/5fa2dd/ffffff', 3, 6, 1, 7, 1, 1),
(722, '2017-11-21', '2017-10-21', 670233, 'http://dummyimage.com/188x177.bmp/cc0000/ffffff', 720, 5, 1, 10, 1, 1),
(723, '2017-12-03', '2017-10-17', 640465, 'http://dummyimage.com/156x178.png/dddddd/000000', 60, 6, 2, 6, 1, 1),
(724, '2018-02-06', '2017-08-28', 665557, 'http://dummyimage.com/157x202.jpg/dddddd/000000', 378, 1, 2, 10, 1, 1),
(725, '2017-11-22', '2017-09-28', 772245, 'http://dummyimage.com/139x197.png/5fa2dd/ffffff', 367, 2, 5, 6, 1, 1),
(726, '2018-01-18', '2017-09-21', 704061, 'http://dummyimage.com/190x192.bmp/5fa2dd/ffffff', 26, 5, 4, 8, 1, 1),
(727, '2017-12-06', '2017-09-11', 737529, 'http://dummyimage.com/165x230.jpg/5fa2dd/ffffff', 126, 3, 3, 7, 1, 1),
(728, '2018-02-11', '2017-09-13', 766628, 'http://dummyimage.com/233x150.jpg/cc0000/ffffff', 93, 3, 4, 10, 1, 1),
(729, '2018-01-23', '2017-09-21', 798508, 'http://dummyimage.com/137x153.jpg/cc0000/ffffff', 215, 1, 4, 7, 1, 1),
(730, '2018-01-19', '2017-10-16', 703943, 'http://dummyimage.com/139x171.jpg/dddddd/000000', 62, 6, 1, 8, 1, 1),
(731, '2018-02-05', '2017-11-09', 604009, 'http://dummyimage.com/205x246.jpg/cc0000/ffffff', 127, 1, 4, 10, 1, 1),
(732, '2018-01-05', '2017-10-18', 606075, 'http://dummyimage.com/186x238.png/cc0000/ffffff', 181, 5, 5, 9, 1, 1),
(733, '2018-02-14', '2017-09-10', 783398, 'http://dummyimage.com/141x242.png/dddddd/000000', 353, 3, 3, 7, 1, 1),
(734, '2017-12-24', '2017-11-03', 707494, 'http://dummyimage.com/248x130.bmp/cc0000/ffffff', 519, 4, 3, 6, 1, 1),
(735, '2017-11-26', '2017-09-21', 732656, 'http://dummyimage.com/191x227.jpg/dddddd/000000', 556, 2, 5, 6, 1, 1),
(736, '2017-12-04', '2017-09-11', 745713, 'http://dummyimage.com/205x133.png/cc0000/ffffff', 70, 5, 2, 10, 1, 1),
(737, '2017-12-14', '2017-11-17', 786965, 'http://dummyimage.com/216x160.bmp/dddddd/000000', 619, 6, 1, 8, 2, 1),
(738, '2017-11-23', '2017-09-25', 748159, 'http://dummyimage.com/162x130.jpg/cc0000/ffffff', 293, 2, 1, 10, 1, 1),
(739, '2017-12-30', '2017-09-21', 696810, 'http://dummyimage.com/118x126.png/5fa2dd/ffffff', 61, 2, 5, 9, 1, 1),
(740, '2018-02-02', '2017-10-15', 716875, 'http://dummyimage.com/156x164.jpg/5fa2dd/ffffff', 205, 6, 1, 8, 1, 1),
(741, '2017-12-07', '2017-09-01', 781916, 'http://dummyimage.com/226x154.png/5fa2dd/ffffff', 547, 4, 1, 9, 1, 1),
(742, '2018-01-20', '2017-10-09', 749540, 'http://dummyimage.com/132x144.jpg/ff4444/ffffff', 226, 3, 2, 9, 1, 1),
(743, '2017-11-21', '2017-10-08', 704436, 'http://dummyimage.com/101x132.jpg/cc0000/ffffff', 272, 2, 5, 10, 1, 1),
(744, '2017-12-07', '2017-11-09', 787025, 'http://dummyimage.com/147x161.bmp/5fa2dd/ffffff', 396, 3, 4, 9, 1, 1),
(745, '2017-12-29', '2017-11-08', 740713, 'http://dummyimage.com/176x128.png/ff4444/ffffff', 97, 3, 2, 10, 2, 1),
(746, '2018-02-07', '2017-11-09', 770521, 'http://dummyimage.com/171x226.png/cc0000/ffffff', 475, 6, 3, 10, 2, 1),
(747, '2018-01-12', '2017-09-30', 692029, 'http://dummyimage.com/154x215.png/cc0000/ffffff', 355, 1, 3, 6, 1, 1),
(748, '2017-12-13', '2017-11-12', 713170, 'http://dummyimage.com/167x195.png/dddddd/000000', 371, 1, 4, 6, 1, 1),
(749, '2017-11-22', '2017-08-25', 712418, 'http://dummyimage.com/131x146.jpg/5fa2dd/ffffff', 423, 3, 2, 7, 1, 1),
(750, '2018-01-11', '2017-11-16', 794210, 'http://dummyimage.com/111x134.png/cc0000/ffffff', 408, 2, 3, 9, 1, 1),
(751, '2018-02-20', '2017-12-22', 789896, 'http://dummyimage.com/124x179.png/ff4444/ffffff', 653, 1, 5, 10, 1, 1),
(752, '2018-03-12', '2018-02-15', 623956, 'http://dummyimage.com/207x239.png/cc0000/ffffff', 497, 3, 4, 8, 1, 1),
(753, '2018-03-02', '2018-02-03', 605387, 'http://dummyimage.com/178x174.bmp/dddddd/000000', 609, 1, 3, 8, 1, 1),
(754, '2018-03-17', '2018-02-10', 682206, 'http://dummyimage.com/121x146.jpg/ff4444/ffffff', 678, 5, 4, 9, 1, 1),
(755, '2018-03-15', '2017-12-27', 665867, 'http://dummyimage.com/222x189.jpg/cc0000/ffffff', 450, 1, 3, 9, 1, 1),
(756, '2018-03-03', '2018-02-06', 718005, 'http://dummyimage.com/169x217.jpg/cc0000/ffffff', 700, 4, 2, 10, 2, 1),
(757, '2018-04-16', '2017-12-11', 642748, 'http://dummyimage.com/161x171.jpg/5fa2dd/ffffff', 357, 4, 4, 6, 1, 1),
(758, '2018-02-19', '2017-11-21', 763132, 'http://dummyimage.com/176x204.jpg/ff4444/ffffff', 36, 5, 5, 9, 1, 1),
(759, '2018-03-27', '2018-01-22', 631530, 'http://dummyimage.com/218x250.png/ff4444/ffffff', 542, 2, 3, 9, 1, 1),
(760, '2018-04-06', '2017-12-02', 728169, 'http://dummyimage.com/142x174.bmp/ff4444/ffffff', 360, 5, 3, 10, 1, 1),
(761, '2018-05-13', '2017-11-23', 772617, 'http://dummyimage.com/193x117.bmp/5fa2dd/ffffff', 500, 2, 1, 6, 2, 1),
(762, '2018-04-04', '2017-12-01', 780144, 'http://dummyimage.com/208x181.bmp/5fa2dd/ffffff', 506, 4, 2, 6, 1, 1),
(763, '2018-03-25', '2017-12-30', 670163, 'http://dummyimage.com/125x238.bmp/cc0000/ffffff', 534, 2, 4, 7, 1, 1),
(764, '2018-04-20', '2017-12-06', 601874, 'http://dummyimage.com/150x155.bmp/dddddd/000000', 422, 6, 1, 6, 1, 1),
(765, '2018-05-14', '2017-12-08', 697527, 'http://dummyimage.com/246x246.bmp/5fa2dd/ffffff', 78, 3, 5, 6, 1, 1),
(766, '2018-03-09', '2017-12-22', 729916, 'http://dummyimage.com/163x153.png/ff4444/ffffff', 45, 5, 2, 7, 1, 1),
(767, '2018-04-17', '2017-12-20', 740010, 'http://dummyimage.com/169x188.png/ff4444/ffffff', 266, 5, 4, 6, 1, 1),
(768, '2018-04-22', '2018-01-07', 601475, 'http://dummyimage.com/158x133.png/5fa2dd/ffffff', 274, 2, 4, 9, 1, 1),
(769, '2018-04-21', '2017-12-28', 679354, 'http://dummyimage.com/180x248.bmp/dddddd/000000', 283, 4, 5, 9, 1, 1),
(770, '2018-05-02', '2017-12-09', 670442, 'http://dummyimage.com/120x199.bmp/cc0000/ffffff', 364, 6, 3, 8, 1, 1),
(771, '2018-04-12', '2018-01-25', 603074, 'http://dummyimage.com/124x153.bmp/cc0000/ffffff', 175, 1, 2, 10, 1, 1),
(772, '2018-03-29', '2017-12-23', 650046, 'http://dummyimage.com/121x115.png/dddddd/000000', 150, 3, 3, 9, 1, 1),
(773, '2018-05-16', '2018-02-14', 708205, 'http://dummyimage.com/162x136.png/ff4444/ffffff', 123, 4, 5, 10, 1, 1),
(774, '2018-04-01', '2018-01-04', 633439, 'http://dummyimage.com/110x221.png/cc0000/ffffff', 311, 3, 1, 9, 1, 1),
(775, '2018-02-28', '2017-12-14', 629497, 'http://dummyimage.com/217x175.png/ff4444/ffffff', 363, 4, 1, 10, 1, 1),
(776, '2018-03-02', '2017-12-05', 730688, 'http://dummyimage.com/202x146.jpg/5fa2dd/ffffff', 369, 3, 5, 7, 1, 1),
(777, '2018-02-27', '2017-12-27', 728637, 'http://dummyimage.com/210x183.png/5fa2dd/ffffff', 103, 3, 3, 10, 1, 1),
(778, '2018-04-11', '2017-11-22', 750670, 'http://dummyimage.com/237x161.jpg/ff4444/ffffff', 4, 2, 2, 6, 1, 1),
(779, '2018-03-22', '2017-12-18', 640798, 'http://dummyimage.com/181x130.png/dddddd/000000', 268, 3, 5, 7, 1, 1),
(780, '2018-05-17', '2018-02-01', 621296, 'http://dummyimage.com/163x236.png/5fa2dd/ffffff', 65, 3, 3, 10, 1, 1),
(781, '2018-04-25', '2017-11-28', 614080, 'http://dummyimage.com/229x128.bmp/ff4444/ffffff', 606, 3, 1, 6, 1, 1),
(782, '2018-05-04', '2018-01-12', 709287, 'http://dummyimage.com/210x159.png/ff4444/ffffff', 563, 1, 5, 10, 1, 1),
(783, '2018-04-16', '2017-12-19', 626918, 'http://dummyimage.com/159x160.bmp/dddddd/000000', 336, 2, 3, 7, 2, 1),
(784, '2018-04-10', '2017-12-15', 786243, 'http://dummyimage.com/105x102.png/cc0000/ffffff', 627, 5, 5, 7, 1, 1),
(785, '2018-03-07', '2018-01-25', 609774, 'http://dummyimage.com/246x197.bmp/ff4444/ffffff', 181, 5, 1, 8, 1, 1),
(786, '2018-05-17', '2018-01-04', 645385, 'http://dummyimage.com/221x206.bmp/cc0000/ffffff', 307, 5, 2, 8, 1, 1),
(787, '2018-05-02', '2018-01-23', 620217, 'http://dummyimage.com/225x109.jpg/dddddd/000000', 433, 6, 2, 8, 1, 1),
(788, '2018-05-05', '2018-01-03', 749871, 'http://dummyimage.com/124x156.jpg/cc0000/ffffff', 390, 4, 2, 6, 1, 1),
(789, '2018-05-07', '2017-12-30', 630448, 'http://dummyimage.com/221x141.jpg/dddddd/000000', 238, 2, 5, 6, 1, 1),
(790, '2018-03-10', '2018-01-30', 728788, 'http://dummyimage.com/211x103.jpg/5fa2dd/ffffff', 186, 5, 2, 6, 1, 1),
(791, '2018-05-14', '2017-11-26', 642420, 'http://dummyimage.com/110x189.png/dddddd/000000', 156, 2, 3, 8, 2, 1),
(792, '2018-03-01', '2017-12-15', 705924, 'http://dummyimage.com/178x100.bmp/cc0000/ffffff', 325, 2, 3, 6, 1, 1),
(793, '2018-04-07', '2017-12-02', 768884, 'http://dummyimage.com/160x234.bmp/ff4444/ffffff', 418, 1, 5, 7, 1, 1),
(794, '2018-03-11', '2018-01-24', 746567, 'http://dummyimage.com/239x211.jpg/ff4444/ffffff', 158, 3, 3, 6, 1, 1),
(795, '2018-03-09', '2017-12-12', 788886, 'http://dummyimage.com/194x132.png/cc0000/ffffff', 435, 4, 3, 7, 1, 1),
(796, '2018-04-06', '2018-02-03', 638758, 'http://dummyimage.com/180x190.bmp/dddddd/000000', 588, 4, 1, 7, 1, 1),
(797, '2018-03-07', '2017-11-20', 758719, 'http://dummyimage.com/126x154.jpg/5fa2dd/ffffff', 494, 6, 1, 7, 2, 1),
(798, '2018-05-07', '2018-02-09', 647833, 'http://dummyimage.com/157x137.bmp/5fa2dd/ffffff', 291, 4, 3, 9, 1, 1),
(799, '2018-04-11', '2017-12-04', 671979, 'http://dummyimage.com/137x180.jpg/ff4444/ffffff', 669, 1, 5, 9, 1, 1),
(800, '2018-04-26', '2017-11-24', 675974, 'http://dummyimage.com/246x225.png/cc0000/ffffff', 38, 4, 4, 10, 1, 1),
(801, '2018-04-18', '2017-12-03', 668680, 'http://dummyimage.com/196x214.png/ff4444/ffffff', 461, 6, 1, 9, 1, 1),
(802, '2018-05-09', '2017-12-05', 639724, 'http://dummyimage.com/154x115.bmp/5fa2dd/ffffff', 386, 6, 5, 9, 1, 1),
(803, '2018-04-18', '2018-02-06', 660120, 'http://dummyimage.com/224x164.bmp/cc0000/ffffff', 600, 1, 3, 7, 2, 1),
(804, '2018-05-11', '2017-12-07', 724806, 'http://dummyimage.com/188x121.bmp/cc0000/ffffff', 408, 4, 5, 9, 1, 1),
(805, '2018-04-18', '2018-02-16', 600877, 'http://dummyimage.com/188x100.bmp/dddddd/000000', 564, 1, 5, 7, 1, 1),
(806, '2018-04-26', '2017-12-31', 605567, 'http://dummyimage.com/208x230.bmp/dddddd/000000', 638, 4, 2, 6, 1, 1),
(807, '2018-05-16', '2018-01-18', 765883, 'http://dummyimage.com/166x238.jpg/5fa2dd/ffffff', 85, 6, 4, 7, 1, 1),
(808, '2018-03-09', '2018-01-05', 666052, 'http://dummyimage.com/164x231.png/5fa2dd/ffffff', 584, 4, 3, 8, 1, 1),
(809, '2018-04-22', '2018-01-19', 678792, 'http://dummyimage.com/154x245.bmp/cc0000/ffffff', 738, 3, 3, 6, 1, 1),
(810, '2018-05-02', '2018-01-22', 614427, 'http://dummyimage.com/152x143.bmp/5fa2dd/ffffff', 735, 2, 1, 6, 1, 1),
(811, '2018-04-28', '2017-12-02', 738290, 'http://dummyimage.com/179x145.png/ff4444/ffffff', 669, 4, 3, 7, 1, 1),
(812, '2018-02-26', '2018-01-09', 607124, 'http://dummyimage.com/115x169.jpg/5fa2dd/ffffff', 534, 6, 1, 10, 1, 1),
(813, '2018-03-25', '2018-01-12', 687489, 'http://dummyimage.com/133x140.jpg/ff4444/ffffff', 607, 3, 1, 6, 1, 1),
(814, '2018-02-23', '2017-12-19', 760510, 'http://dummyimage.com/186x243.png/dddddd/000000', 127, 3, 1, 10, 1, 1),
(815, '2018-04-14', '2018-01-22', 760788, 'http://dummyimage.com/138x187.jpg/5fa2dd/ffffff', 344, 4, 3, 9, 1, 1),
(816, '2018-03-18', '2018-01-22', 649549, 'http://dummyimage.com/203x242.bmp/5fa2dd/ffffff', 236, 2, 2, 9, 2, 1),
(817, '2018-04-10', '2018-02-01', 637991, 'http://dummyimage.com/106x192.jpg/cc0000/ffffff', 46, 3, 5, 6, 1, 1),
(818, '2018-04-21', '2017-12-17', 605841, 'http://dummyimage.com/222x155.jpg/cc0000/ffffff', 407, 6, 1, 10, 1, 1),
(819, '2018-04-18', '2018-02-12', 780896, 'http://dummyimage.com/128x176.png/5fa2dd/ffffff', 728, 4, 4, 6, 2, 1),
(820, '2018-04-20', '2017-12-29', 751473, 'http://dummyimage.com/203x145.bmp/5fa2dd/ffffff', 596, 1, 2, 6, 2, 1),
(821, '2018-05-09', '2017-12-08', 632777, 'http://dummyimage.com/192x115.png/ff4444/ffffff', 368, 3, 2, 6, 1, 1),
(822, '2018-02-24', '2018-01-11', 663615, 'http://dummyimage.com/163x224.jpg/5fa2dd/ffffff', 107, 3, 2, 7, 1, 1),
(823, '2018-04-09', '2017-12-12', 661696, 'http://dummyimage.com/144x121.png/dddddd/000000', 482, 3, 3, 9, 2, 1),
(824, '2018-02-21', '2018-01-27', 742954, 'http://dummyimage.com/104x239.jpg/dddddd/000000', 409, 4, 1, 9, 1, 1),
(825, '2018-02-27', '2017-12-12', 794729, 'http://dummyimage.com/177x108.png/cc0000/ffffff', 529, 6, 1, 7, 1, 1),
(826, '2018-05-11', '2017-12-26', 699798, 'http://dummyimage.com/120x241.png/dddddd/000000', 90, 5, 4, 8, 1, 1),
(827, '2018-04-27', '2018-01-15', 699934, 'http://dummyimage.com/129x200.bmp/cc0000/ffffff', 433, 2, 1, 8, 1, 1),
(828, '2018-03-04', '2017-12-18', 751905, 'http://dummyimage.com/106x175.bmp/dddddd/000000', 120, 2, 4, 10, 1, 1),
(829, '2018-03-06', '2018-02-07', 705329, 'http://dummyimage.com/147x138.bmp/ff4444/ffffff', 716, 1, 1, 10, 1, 1),
(830, '2018-04-07', '2018-02-01', 645476, 'http://dummyimage.com/234x167.jpg/dddddd/000000', 653, 3, 5, 8, 1, 1),
(831, '2018-03-15', '2017-12-02', 685079, 'http://dummyimage.com/204x189.jpg/5fa2dd/ffffff', 85, 6, 2, 10, 2, 1),
(832, '2018-05-01', '2017-12-10', 683511, 'http://dummyimage.com/195x120.png/ff4444/ffffff', 197, 2, 2, 10, 1, 1),
(833, '2018-03-31', '2018-02-09', 785111, 'http://dummyimage.com/147x223.jpg/5fa2dd/ffffff', 436, 6, 3, 6, 1, 1),
(834, '2018-03-01', '2018-01-22', 702127, 'http://dummyimage.com/245x191.jpg/ff4444/ffffff', 291, 4, 2, 6, 2, 1),
(835, '2018-05-01', '2018-01-27', 769248, 'http://dummyimage.com/121x188.jpg/ff4444/ffffff', 559, 6, 3, 9, 1, 1),
(836, '2018-04-19', '2018-01-21', 649224, 'http://dummyimage.com/244x108.png/ff4444/ffffff', 612, 2, 4, 6, 1, 1),
(837, '2018-03-24', '2018-01-17', 686269, 'http://dummyimage.com/137x148.png/5fa2dd/ffffff', 390, 4, 5, 9, 2, 1),
(838, '2018-04-19', '2017-12-20', 778462, 'http://dummyimage.com/228x230.bmp/5fa2dd/ffffff', 471, 3, 4, 8, 1, 1),
(839, '2018-05-17', '2018-01-22', 748055, 'http://dummyimage.com/119x109.bmp/cc0000/ffffff', 517, 6, 4, 7, 1, 1),
(840, '2018-04-05', '2017-11-21', 788086, 'http://dummyimage.com/145x151.bmp/ff4444/ffffff', 633, 5, 5, 10, 1, 1),
(841, '2018-04-18', '2017-12-26', 651213, 'http://dummyimage.com/145x151.png/cc0000/ffffff', 2, 3, 2, 9, 1, 1),
(842, '2018-02-23', '2017-12-27', 650224, 'http://dummyimage.com/120x224.jpg/dddddd/000000', 24, 2, 1, 10, 1, 1),
(843, '2018-03-10', '2017-12-12', 702393, 'http://dummyimage.com/107x111.png/ff4444/ffffff', 4, 6, 3, 8, 1, 1),
(844, '2018-02-24', '2017-12-31', 697615, 'http://dummyimage.com/116x223.bmp/dddddd/000000', 618, 4, 5, 7, 1, 1),
(845, '2018-02-27', '2017-12-03', 650224, 'http://dummyimage.com/242x230.jpg/cc0000/ffffff', 391, 3, 1, 10, 1, 1),
(846, '2018-04-13', '2018-01-06', 699617, 'http://dummyimage.com/221x209.jpg/5fa2dd/ffffff', 316, 3, 2, 10, 1, 1),
(847, '2018-04-03', '2017-12-06', 754600, 'http://dummyimage.com/103x144.bmp/dddddd/000000', 393, 6, 3, 7, 1, 1),
(848, '2018-04-23', '2018-01-21', 786959, 'http://dummyimage.com/151x144.png/cc0000/ffffff', 173, 2, 5, 10, 1, 1),
(849, '2018-03-05', '2017-12-09', 638220, 'http://dummyimage.com/239x153.bmp/ff4444/ffffff', 121, 6, 3, 6, 1, 1),
(850, '2018-02-26', '2018-01-02', 742772, 'http://dummyimage.com/205x208.png/dddddd/000000', 743, 2, 3, 10, 1, 1),
(851, '2018-04-20', '2017-11-26', 778946, 'http://dummyimage.com/175x212.bmp/dddddd/000000', 257, 2, 2, 6, 1, 1),
(852, '2018-04-08', '2018-01-07', 743861, 'http://dummyimage.com/182x118.bmp/dddddd/000000', 441, 3, 4, 6, 1, 1),
(853, '2018-04-07', '2018-02-12', 641209, 'http://dummyimage.com/242x232.bmp/5fa2dd/ffffff', 453, 1, 3, 7, 1, 1),
(854, '2018-04-03', '2018-01-09', 636990, 'http://dummyimage.com/144x160.bmp/5fa2dd/ffffff', 457, 2, 4, 6, 1, 1),
(855, '2018-03-11', '2018-02-03', 671093, 'http://dummyimage.com/132x181.jpg/ff4444/ffffff', 387, 4, 1, 7, 1, 1),
(856, '2018-04-06', '2018-02-11', 794463, 'http://dummyimage.com/208x235.bmp/ff4444/ffffff', 519, 2, 3, 7, 1, 1),
(857, '2018-03-22', '2018-02-01', 751175, 'http://dummyimage.com/113x147.png/ff4444/ffffff', 224, 3, 4, 6, 1, 1),
(858, '2018-03-02', '2017-12-12', 613803, 'http://dummyimage.com/135x100.bmp/cc0000/ffffff', 661, 2, 3, 8, 1, 1),
(859, '2018-05-12', '2018-01-31', 771942, 'http://dummyimage.com/111x205.bmp/ff4444/ffffff', 159, 1, 3, 7, 1, 1),
(860, '2018-03-16', '2018-01-10', 721701, 'http://dummyimage.com/164x175.jpg/5fa2dd/ffffff', 199, 3, 1, 8, 1, 1),
(861, '2018-03-10', '2018-01-03', 644067, 'http://dummyimage.com/201x106.bmp/5fa2dd/ffffff', 619, 3, 3, 7, 1, 1),
(862, '2018-02-23', '2017-11-29', 633236, 'http://dummyimage.com/197x182.bmp/cc0000/ffffff', 97, 5, 5, 7, 1, 1),
(863, '2018-04-18', '2018-02-02', 751851, 'http://dummyimage.com/110x213.jpg/ff4444/ffffff', 320, 2, 4, 8, 1, 1),
(864, '2018-05-06', '2017-12-02', 610540, 'http://dummyimage.com/173x145.jpg/5fa2dd/ffffff', 334, 1, 1, 8, 1, 1),
(865, '2018-03-23', '2018-01-20', 774781, 'http://dummyimage.com/127x232.jpg/cc0000/ffffff', 100, 5, 4, 10, 1, 1),
(866, '2018-02-19', '2017-12-08', 611231, 'http://dummyimage.com/137x243.jpg/ff4444/ffffff', 59, 6, 3, 9, 1, 1),
(867, '2018-03-19', '2018-02-10', 687014, 'http://dummyimage.com/245x193.png/ff4444/ffffff', 718, 3, 2, 6, 1, 1),
(868, '2018-05-11', '2017-11-28', 721195, 'http://dummyimage.com/233x141.png/cc0000/ffffff', 4, 2, 1, 8, 2, 1),
(869, '2018-05-08', '2017-12-26', 762309, 'http://dummyimage.com/134x107.jpg/cc0000/ffffff', 368, 2, 4, 7, 1, 1),
(870, '2018-05-05', '2018-01-13', 796427, 'http://dummyimage.com/146x221.bmp/cc0000/ffffff', 644, 5, 4, 6, 1, 1),
(871, '2018-03-25', '2017-11-22', 794033, 'http://dummyimage.com/231x154.png/5fa2dd/ffffff', 721, 6, 5, 10, 1, 1),
(872, '2018-03-17', '2018-01-03', 776694, 'http://dummyimage.com/142x132.bmp/dddddd/000000', 737, 4, 1, 8, 1, 1),
(873, '2018-03-04', '2017-12-30', 686474, 'http://dummyimage.com/194x249.bmp/cc0000/ffffff', 438, 2, 5, 9, 1, 1),
(874, '2018-05-15', '2017-12-28', 766494, 'http://dummyimage.com/189x180.jpg/5fa2dd/ffffff', 218, 2, 5, 6, 1, 1),
(875, '2018-03-25', '2017-12-27', 687985, 'http://dummyimage.com/215x119.png/5fa2dd/ffffff', 316, 4, 5, 7, 1, 1),
(876, '2018-04-15', '2018-02-14', 799806, 'http://dummyimage.com/219x116.jpg/5fa2dd/ffffff', 182, 5, 5, 7, 2, 1),
(877, '2018-05-07', '2017-11-25', 628217, 'http://dummyimage.com/111x143.bmp/cc0000/ffffff', 458, 5, 1, 10, 1, 1),
(878, '2018-02-19', '2017-12-31', 708254, 'http://dummyimage.com/171x183.png/5fa2dd/ffffff', 550, 5, 1, 7, 1, 1),
(879, '2018-05-13', '2018-02-01', 791985, 'http://dummyimage.com/125x222.jpg/dddddd/000000', 422, 1, 2, 10, 1, 1),
(880, '2018-04-22', '2017-12-12', 764914, 'http://dummyimage.com/191x138.bmp/cc0000/ffffff', 669, 6, 4, 6, 1, 1),
(881, '2018-04-07', '2017-12-26', 631288, 'http://dummyimage.com/234x249.png/ff4444/ffffff', 32, 2, 3, 9, 1, 1),
(882, '2018-04-08', '2018-01-01', 674057, 'http://dummyimage.com/172x123.jpg/ff4444/ffffff', 10, 6, 2, 7, 1, 1),
(883, '2018-05-07', '2017-12-06', 704684, 'http://dummyimage.com/144x187.png/ff4444/ffffff', 322, 4, 2, 6, 1, 1),
(884, '2018-03-23', '2018-02-04', 735084, 'http://dummyimage.com/225x133.bmp/dddddd/000000', 101, 3, 1, 8, 1, 1),
(885, '2018-04-23', '2017-12-16', 781092, 'http://dummyimage.com/246x233.png/5fa2dd/ffffff', 145, 4, 4, 6, 1, 1),
(886, '2018-04-08', '2017-11-26', 664612, 'http://dummyimage.com/186x163.jpg/ff4444/ffffff', 574, 5, 1, 8, 1, 1),
(887, '2018-04-29', '2018-01-20', 624365, 'http://dummyimage.com/103x190.png/cc0000/ffffff', 637, 6, 3, 7, 1, 1),
(888, '2018-03-11', '2018-02-03', 612982, 'http://dummyimage.com/162x126.jpg/ff4444/ffffff', 450, 3, 3, 9, 1, 1),
(889, '2018-02-25', '2018-01-28', 762128, 'http://dummyimage.com/153x197.jpg/dddddd/000000', 388, 4, 1, 6, 1, 1);
INSERT INTO `pemesanan` (`id_pemesanan`, `tw_berangkat`, `tw_pemesanan`, `harga`, `file_tiket`, `id_pelanggan`, `id_maskapai`, `id_bandara_asal`, `id_bandara_tujuan`, `id_status`, `id_user`) VALUES
(890, '2018-02-24', '2018-02-05', 689626, 'http://dummyimage.com/229x212.bmp/cc0000/ffffff', 605, 4, 3, 10, 2, 1),
(891, '2018-05-18', '2018-02-17', 793741, 'http://dummyimage.com/203x136.bmp/ff4444/ffffff', 641, 6, 5, 9, 1, 1),
(892, '2018-04-29', '2017-12-01', 672701, 'http://dummyimage.com/177x163.png/ff4444/ffffff', 481, 4, 2, 10, 1, 1),
(893, '2018-02-22', '2018-02-03', 605906, 'http://dummyimage.com/196x238.png/dddddd/000000', 209, 5, 1, 7, 1, 1),
(894, '2018-04-30', '2018-01-28', 731801, 'http://dummyimage.com/213x160.png/5fa2dd/ffffff', 369, 5, 4, 6, 1, 1),
(895, '2018-05-06', '2018-01-14', 777307, 'http://dummyimage.com/229x208.bmp/ff4444/ffffff', 700, 3, 5, 10, 1, 1),
(896, '2018-03-19', '2018-01-03', 702753, 'http://dummyimage.com/173x183.bmp/dddddd/000000', 506, 2, 3, 9, 1, 1),
(897, '2018-03-26', '2018-02-09', 792183, 'http://dummyimage.com/102x236.jpg/ff4444/ffffff', 499, 4, 3, 7, 1, 1),
(898, '2018-03-31', '2018-01-11', 681051, 'http://dummyimage.com/201x248.png/5fa2dd/ffffff', 239, 2, 2, 10, 1, 1),
(899, '2018-02-27', '2017-12-21', 735682, 'http://dummyimage.com/212x133.bmp/5fa2dd/ffffff', 259, 4, 4, 6, 1, 1),
(900, '2018-03-31', '2018-01-02', 635655, 'http://dummyimage.com/164x235.png/ff4444/ffffff', 44, 1, 4, 6, 1, 1),
(901, '2018-05-10', '2018-01-12', 784654, 'http://dummyimage.com/228x195.jpg/5fa2dd/ffffff', 512, 1, 1, 10, 1, 1),
(902, '2018-05-01', '2017-11-23', 645996, 'http://dummyimage.com/151x222.png/dddddd/000000', 640, 1, 5, 8, 1, 1),
(903, '2018-04-29', '2017-12-08', 600103, 'http://dummyimage.com/237x100.jpg/ff4444/ffffff', 58, 6, 2, 8, 2, 1),
(904, '2018-03-16', '2017-12-02', 782042, 'http://dummyimage.com/162x181.bmp/cc0000/ffffff', 398, 5, 4, 8, 1, 1),
(905, '2018-03-10', '2017-12-30', 781664, 'http://dummyimage.com/229x103.jpg/cc0000/ffffff', 538, 3, 5, 10, 1, 1),
(906, '2018-04-10', '2018-02-07', 783003, 'http://dummyimage.com/232x207.jpg/dddddd/000000', 178, 3, 4, 8, 1, 1),
(907, '2018-05-14', '2018-02-05', 792775, 'http://dummyimage.com/189x244.png/dddddd/000000', 284, 3, 2, 7, 1, 1),
(908, '2018-04-28', '2018-02-14', 651319, 'http://dummyimage.com/215x134.bmp/5fa2dd/ffffff', 179, 6, 3, 6, 1, 1),
(909, '2018-02-26', '2017-12-27', 668135, 'http://dummyimage.com/140x153.png/dddddd/000000', 103, 1, 5, 10, 1, 1),
(910, '2018-03-24', '2017-12-02', 681716, 'http://dummyimage.com/248x160.png/dddddd/000000', 722, 2, 2, 7, 1, 1),
(911, '2018-03-09', '2018-01-30', 740564, 'http://dummyimage.com/238x147.bmp/ff4444/ffffff', 573, 2, 3, 7, 1, 1),
(912, '2018-03-09', '2018-01-23', 602000, 'http://dummyimage.com/182x160.jpg/cc0000/ffffff', 708, 5, 4, 6, 1, 1),
(913, '2018-05-01', '2018-02-15', 709506, 'http://dummyimage.com/168x160.png/cc0000/ffffff', 548, 2, 1, 8, 1, 1),
(914, '2018-03-14', '2017-11-27', 773909, 'http://dummyimage.com/160x205.png/ff4444/ffffff', 723, 5, 4, 8, 1, 1),
(915, '2018-04-23', '2018-02-17', 678723, 'http://dummyimage.com/110x226.bmp/5fa2dd/ffffff', 12, 5, 3, 9, 1, 1),
(916, '2018-04-01', '2018-01-08', 658900, 'http://dummyimage.com/179x106.png/5fa2dd/ffffff', 456, 2, 1, 10, 1, 1),
(917, '2018-03-02', '2018-01-10', 724585, 'http://dummyimage.com/242x169.jpg/cc0000/ffffff', 90, 4, 5, 8, 1, 1),
(918, '2018-03-04', '2018-01-02', 728512, 'http://dummyimage.com/131x142.jpg/cc0000/ffffff', 495, 1, 3, 10, 1, 1),
(919, '2018-04-30', '2017-11-28', 792033, 'http://dummyimage.com/127x130.png/ff4444/ffffff', 167, 2, 3, 10, 1, 1),
(920, '2018-03-21', '2017-12-06', 658175, 'http://dummyimage.com/220x187.png/dddddd/000000', 244, 5, 4, 9, 1, 1),
(921, '2018-04-20', '2017-12-15', 603791, 'http://dummyimage.com/241x178.png/cc0000/ffffff', 413, 4, 3, 7, 1, 1),
(922, '2018-05-02', '2018-01-26', 628658, 'http://dummyimage.com/162x111.jpg/ff4444/ffffff', 609, 1, 3, 8, 1, 1),
(923, '2018-03-05', '2018-01-23', 756399, 'http://dummyimage.com/113x137.png/dddddd/000000', 61, 2, 2, 9, 1, 1),
(924, '2018-05-13', '2018-02-06', 703914, 'http://dummyimage.com/209x230.png/5fa2dd/ffffff', 97, 4, 1, 8, 1, 1),
(925, '2018-02-27', '2017-11-21', 638800, 'http://dummyimage.com/224x160.png/dddddd/000000', 645, 3, 4, 8, 2, 1),
(926, '2018-02-20', '2018-01-15', 642479, 'http://dummyimage.com/247x190.jpg/5fa2dd/ffffff', 471, 5, 4, 9, 1, 1),
(927, '2018-03-22', '2017-12-08', 779719, 'http://dummyimage.com/187x207.bmp/dddddd/000000', 144, 2, 4, 10, 1, 1),
(928, '2018-04-20', '2017-12-09', 714733, 'http://dummyimage.com/159x133.bmp/dddddd/000000', 554, 5, 1, 9, 1, 1),
(929, '2018-03-20', '2018-01-22', 745950, 'http://dummyimage.com/127x202.bmp/5fa2dd/ffffff', 8, 2, 5, 7, 1, 1),
(930, '2018-03-08', '2018-01-19', 652191, 'http://dummyimage.com/245x155.png/dddddd/000000', 230, 5, 3, 10, 1, 1),
(931, '2018-04-14', '2018-02-17', 799496, 'http://dummyimage.com/152x233.jpg/cc0000/ffffff', 368, 5, 1, 7, 1, 1),
(932, '2018-05-08', '2017-12-30', 729038, 'http://dummyimage.com/211x134.png/5fa2dd/ffffff', 205, 3, 4, 6, 1, 1),
(933, '2018-02-20', '2017-12-20', 668244, 'http://dummyimage.com/174x169.bmp/ff4444/ffffff', 329, 4, 1, 8, 1, 1),
(934, '2018-04-12', '2018-01-28', 609696, 'http://dummyimage.com/171x245.jpg/ff4444/ffffff', 506, 6, 3, 10, 1, 1),
(935, '2018-04-23', '2017-12-03', 619040, 'http://dummyimage.com/172x159.jpg/ff4444/ffffff', 571, 3, 5, 6, 1, 1),
(936, '2018-04-25', '2017-12-26', 685198, 'http://dummyimage.com/124x231.bmp/dddddd/000000', 477, 4, 1, 8, 1, 1),
(937, '2018-03-21', '2017-12-24', 614070, 'http://dummyimage.com/133x104.png/cc0000/ffffff', 680, 3, 2, 10, 1, 1),
(938, '2018-04-16', '2018-01-19', 650484, 'http://dummyimage.com/146x132.jpg/5fa2dd/ffffff', 12, 4, 2, 7, 1, 1),
(939, '2018-04-29', '2017-11-27', 798575, 'http://dummyimage.com/171x191.jpg/5fa2dd/ffffff', 29, 2, 4, 6, 1, 1),
(940, '2018-03-17', '2017-12-18', 633253, 'http://dummyimage.com/250x186.bmp/cc0000/ffffff', 397, 6, 3, 10, 1, 1),
(941, '2018-04-14', '2017-12-01', 680604, 'http://dummyimage.com/132x146.jpg/dddddd/000000', 700, 1, 3, 10, 1, 1),
(942, '2018-03-08', '2018-01-16', 680177, 'http://dummyimage.com/115x172.jpg/ff4444/ffffff', 87, 2, 2, 6, 1, 1),
(943, '2018-05-07', '2018-01-07', 645082, 'http://dummyimage.com/249x206.bmp/ff4444/ffffff', 3, 1, 4, 10, 1, 1),
(944, '2018-04-10', '2018-02-01', 681071, 'http://dummyimage.com/230x233.jpg/dddddd/000000', 646, 2, 1, 6, 1, 1),
(945, '2018-04-27', '2018-01-16', 704936, 'http://dummyimage.com/149x140.jpg/5fa2dd/ffffff', 552, 4, 2, 7, 1, 1),
(946, '2018-05-08', '2017-12-06', 693432, 'http://dummyimage.com/112x121.png/ff4444/ffffff', 651, 5, 4, 9, 1, 1),
(947, '2018-04-24', '2018-02-15', 651272, 'http://dummyimage.com/210x243.jpg/dddddd/000000', 626, 1, 1, 6, 1, 1),
(948, '2018-03-19', '2018-01-09', 703564, 'http://dummyimage.com/168x181.jpg/ff4444/ffffff', 723, 1, 4, 9, 1, 1),
(949, '2018-05-09', '2018-02-11', 787309, 'http://dummyimage.com/104x227.bmp/dddddd/000000', 426, 3, 2, 10, 1, 1),
(950, '2018-02-21', '2017-12-01', 618030, 'http://dummyimage.com/104x137.png/ff4444/ffffff', 536, 4, 2, 10, 1, 1),
(951, '2018-03-24', '2018-02-17', 610909, 'http://dummyimage.com/214x102.png/cc0000/ffffff', 27, 5, 2, 9, 1, 1),
(952, '2018-05-03', '2018-01-04', 785596, 'http://dummyimage.com/126x112.jpg/cc0000/ffffff', 552, 3, 2, 6, 2, 1),
(953, '2018-03-31', '2017-11-29', 735584, 'http://dummyimage.com/164x174.bmp/dddddd/000000', 328, 2, 1, 10, 1, 1),
(954, '2018-04-26', '2017-12-21', 667756, 'http://dummyimage.com/228x122.jpg/dddddd/000000', 629, 5, 5, 10, 1, 1),
(955, '2018-04-14', '2017-12-09', 743447, 'http://dummyimage.com/243x164.jpg/cc0000/ffffff', 185, 2, 1, 9, 1, 1),
(956, '2018-05-11', '2018-01-21', 770042, 'http://dummyimage.com/193x242.bmp/5fa2dd/ffffff', 629, 3, 4, 6, 1, 1),
(957, '2018-05-05', '2018-01-28', 632608, 'http://dummyimage.com/163x164.png/cc0000/ffffff', 544, 6, 2, 9, 1, 1),
(958, '2018-05-09', '2018-01-26', 768986, 'http://dummyimage.com/206x249.jpg/5fa2dd/ffffff', 600, 5, 3, 10, 1, 1),
(959, '2018-04-05', '2018-01-19', 713375, 'http://dummyimage.com/146x237.png/ff4444/ffffff', 701, 4, 3, 6, 1, 1),
(960, '2018-03-10', '2017-12-09', 751205, 'http://dummyimage.com/167x100.bmp/cc0000/ffffff', 432, 2, 4, 8, 1, 1),
(961, '2018-03-17', '2017-12-06', 619155, 'http://dummyimage.com/157x241.png/cc0000/ffffff', 481, 3, 3, 6, 1, 1),
(962, '2018-05-15', '2017-12-30', 782938, 'http://dummyimage.com/139x164.bmp/5fa2dd/ffffff', 449, 4, 4, 6, 1, 1),
(963, '2018-04-08', '2018-02-06', 674254, 'http://dummyimage.com/185x201.bmp/dddddd/000000', 731, 2, 5, 9, 1, 1),
(964, '2018-03-08', '2018-01-12', 733552, 'http://dummyimage.com/233x101.jpg/dddddd/000000', 545, 4, 1, 8, 1, 1),
(965, '2018-05-03', '2018-02-17', 687440, 'http://dummyimage.com/103x133.jpg/cc0000/ffffff', 45, 5, 5, 6, 1, 1),
(966, '2018-03-14', '2018-02-14', 686218, 'http://dummyimage.com/242x148.bmp/cc0000/ffffff', 28, 5, 1, 6, 1, 1),
(967, '2018-04-28', '2018-01-04', 791067, 'http://dummyimage.com/229x147.bmp/ff4444/ffffff', 525, 4, 3, 9, 1, 1),
(968, '2018-03-05', '2017-12-15', 677320, 'http://dummyimage.com/187x228.png/ff4444/ffffff', 27, 4, 3, 8, 1, 1),
(969, '2018-04-26', '2017-12-06', 761058, 'http://dummyimage.com/221x106.bmp/cc0000/ffffff', 214, 6, 5, 8, 1, 1),
(970, '2018-04-13', '2017-12-04', 640643, 'http://dummyimage.com/140x215.jpg/5fa2dd/ffffff', 296, 4, 3, 9, 1, 1),
(971, '2018-03-13', '2017-12-08', 667743, 'http://dummyimage.com/101x175.bmp/cc0000/ffffff', 453, 3, 3, 7, 2, 1),
(972, '2018-05-08', '2017-12-31', 707108, 'http://dummyimage.com/194x203.jpg/cc0000/ffffff', 693, 3, 5, 9, 1, 1),
(973, '2018-03-17', '2017-12-21', 766745, 'http://dummyimage.com/237x161.bmp/5fa2dd/ffffff', 8, 5, 3, 8, 1, 1),
(974, '2018-05-13', '2017-11-23', 632644, 'http://dummyimage.com/206x105.bmp/5fa2dd/ffffff', 652, 2, 2, 8, 1, 1),
(975, '2018-03-22', '2017-12-16', 738740, 'http://dummyimage.com/198x206.bmp/dddddd/000000', 79, 4, 4, 8, 1, 1),
(976, '2018-04-01', '2018-02-06', 772375, 'http://dummyimage.com/118x171.bmp/ff4444/ffffff', 141, 5, 2, 6, 1, 1),
(977, '2018-03-06', '2018-02-17', 737286, 'http://dummyimage.com/234x234.jpg/5fa2dd/ffffff', 34, 4, 2, 10, 1, 1),
(978, '2018-03-01', '2018-01-08', 661428, 'http://dummyimage.com/181x223.jpg/cc0000/ffffff', 120, 4, 4, 7, 1, 1),
(979, '2018-05-17', '2017-11-28', 718722, 'http://dummyimage.com/168x120.png/ff4444/ffffff', 658, 5, 5, 10, 1, 1),
(980, '2018-05-03', '2018-01-12', 786637, 'http://dummyimage.com/214x184.jpg/cc0000/ffffff', 264, 3, 1, 7, 1, 1),
(981, '2018-04-26', '2017-12-29', 638334, 'http://dummyimage.com/101x176.bmp/5fa2dd/ffffff', 150, 3, 3, 7, 1, 1),
(982, '2018-05-16', '2018-02-01', 745323, 'http://dummyimage.com/119x195.bmp/dddddd/000000', 619, 5, 1, 10, 1, 1),
(983, '2018-03-16', '2018-01-07', 717964, 'http://dummyimage.com/220x204.png/dddddd/000000', 274, 6, 3, 6, 1, 1),
(984, '2018-05-11', '2017-11-23', 790610, 'http://dummyimage.com/149x229.bmp/cc0000/ffffff', 37, 4, 5, 8, 1, 1),
(985, '2018-04-27', '2017-12-07', 771771, 'http://dummyimage.com/161x193.png/dddddd/000000', 607, 5, 1, 7, 1, 1),
(986, '2018-03-09', '2017-12-30', 604460, 'http://dummyimage.com/179x128.bmp/dddddd/000000', 165, 1, 4, 7, 1, 1),
(987, '2018-04-16', '2018-02-02', 765537, 'http://dummyimage.com/180x141.jpg/cc0000/ffffff', 454, 5, 4, 7, 1, 1),
(988, '2018-05-13', '2018-01-12', 795768, 'http://dummyimage.com/206x250.png/cc0000/ffffff', 376, 1, 4, 6, 1, 1),
(989, '2018-05-15', '2018-01-07', 738689, 'http://dummyimage.com/235x170.jpg/ff4444/ffffff', 730, 6, 4, 10, 1, 1),
(990, '2018-05-18', '2017-12-19', 681185, 'http://dummyimage.com/236x186.bmp/5fa2dd/ffffff', 413, 2, 3, 6, 1, 1),
(991, '2018-03-25', '2018-02-15', 710731, 'http://dummyimage.com/114x168.bmp/5fa2dd/ffffff', 306, 6, 1, 10, 1, 1),
(992, '2018-03-02', '2017-12-31', 676597, 'http://dummyimage.com/141x244.png/cc0000/ffffff', 418, 2, 4, 8, 1, 1),
(993, '2018-02-24', '2017-12-20', 750229, 'http://dummyimage.com/206x184.jpg/cc0000/ffffff', 241, 2, 5, 7, 1, 1),
(994, '2018-04-02', '2017-11-23', 633659, 'http://dummyimage.com/140x122.jpg/5fa2dd/ffffff', 126, 5, 5, 8, 1, 1),
(995, '2018-05-10', '2017-12-16', 639894, 'http://dummyimage.com/170x231.bmp/dddddd/000000', 126, 2, 5, 9, 1, 1),
(996, '2018-05-18', '2018-02-10', 733704, 'http://dummyimage.com/224x164.bmp/cc0000/ffffff', 548, 2, 3, 6, 1, 1),
(997, '2018-04-17', '2018-01-17', 698535, 'http://dummyimage.com/210x166.bmp/ff4444/ffffff', 79, 3, 3, 8, 1, 1),
(998, '2018-04-19', '2017-11-20', 644809, 'http://dummyimage.com/194x116.bmp/ff4444/ffffff', 258, 4, 2, 6, 1, 1),
(999, '2018-02-23', '2018-01-17', 757393, 'http://dummyimage.com/165x249.jpg/cc0000/ffffff', 639, 4, 2, 8, 1, 1),
(1000, '2018-04-05', '2018-02-07', 712830, 'http://dummyimage.com/223x161.png/ff4444/ffffff', 430, 5, 4, 8, 1, 1);

--
-- Trigger `pemesanan`
--
DELIMITER $$
CREATE TRIGGER `pemesanan` AFTER INSERT ON `pemesanan` FOR EACH ROW BEGIN
SELECT MAX(id_perubahan_saldo) INTO @ips FROM log_perubahan_saldo;
SET @ips = @ips + 1;
INSERT INTO log_perubahan_saldo(id_perubahan_saldo,tanggal,jumlah,id_maskapai,id_user,id_status) VALUES (@ips,NEW.tw_pemesanan,NEW.harga,NEW.id_maskapai, NEW.id_user,1);
INSERT INTO detail_perubahan_saldo(id_perubahan_saldo,id_pemesanan) VALUES (@ips,NEW.id_pemesanan);
END
$$
DELIMITER ;

-- --------------------------------------------------------

--
-- Struktur dari tabel `saldo`
--

CREATE TABLE `saldo` (
  `id_maskapai` int(11) NOT NULL,
  `id_user` int(11) NOT NULL,
  `jumlah` int(11) NOT NULL DEFAULT '0'
) ENGINE=InnoDB DEFAULT CHARSET=latin1;

--
-- Dumping data untuk tabel `saldo`
--

INSERT INTO `saldo` (`id_maskapai`, `id_user`, `jumlah`) VALUES
(1, 1, 25806374),
(2, 1, 17426918),
(3, 1, 9941070),
(4, 1, 12454232),
(5, 1, 22332243),
(6, 1, 23406853);

-- --------------------------------------------------------

--
-- Struktur dari tabel `status_pemesanan`
--

CREATE TABLE `status_pemesanan` (
  `id_status` int(11) NOT NULL,
  `keterangan` varchar(255) NOT NULL
) ENGINE=InnoDB DEFAULT CHARSET=latin1;

--
-- Dumping data untuk tabel `status_pemesanan`
--

INSERT INTO `status_pemesanan` (`id_status`, `keterangan`) VALUES
(1, 'Berhasil'),
(2, 'Dibatalkan');

-- --------------------------------------------------------

--
-- Struktur dari tabel `user`
--

CREATE TABLE `user` (
  `id_user` int(11) NOT NULL,
  `username` varchar(255) NOT NULL,
  `password` varchar(255) NOT NULL
) ENGINE=InnoDB DEFAULT CHARSET=latin1;

--
-- Dumping data untuk tabel `user`
--

INSERT INTO `user` (`id_user`, `username`, `password`) VALUES
(1, 'admin', 'admin');

--
-- Indexes for dumped tables
--

--
-- Indexes for table `bandara`
--
ALTER TABLE `bandara`
  ADD PRIMARY KEY (`id_bandara`);

--
-- Indexes for table `detail_perubahan_saldo`
--
ALTER TABLE `detail_perubahan_saldo`
  ADD PRIMARY KEY (`id_perubahan_saldo`),
  ADD KEY `id_perubahan_saldo` (`id_perubahan_saldo`,`id_pemesanan`),
  ADD KEY `id_perubahan_saldo_2` (`id_perubahan_saldo`),
  ADD KEY `id_pemesanan` (`id_pemesanan`);

--
-- Indexes for table `jenis_perubahan_saldo`
--
ALTER TABLE `jenis_perubahan_saldo`
  ADD PRIMARY KEY (`id_status`);

--
-- Indexes for table `log_perubahan_saldo`
--
ALTER TABLE `log_perubahan_saldo`
  ADD PRIMARY KEY (`id_perubahan_saldo`),
  ADD KEY `id_status` (`id_status`,`id_maskapai`,`id_user`),
  ADD KEY `id_maskapai` (`id_maskapai`),
  ADD KEY `id_user` (`id_user`);

--
-- Indexes for table `maskapai`
--
ALTER TABLE `maskapai`
  ADD PRIMARY KEY (`id_maskapai`);

--
-- Indexes for table `pelanggan`
--
ALTER TABLE `pelanggan`
  ADD PRIMARY KEY (`id_pelanggan`);

--
-- Indexes for table `pembatalan`
--
ALTER TABLE `pembatalan`
  ADD PRIMARY KEY (`id_pesanan`);

--
-- Indexes for table `pemesanan`
--
ALTER TABLE `pemesanan`
  ADD PRIMARY KEY (`id_pemesanan`),
  ADD KEY `id_pelanggan` (`id_pelanggan`),
  ADD KEY `id_maskapai` (`id_maskapai`,`id_bandara_asal`,`id_bandara_tujuan`,`id_status`,`id_user`),
  ADD KEY `id_bandara_asal` (`id_bandara_asal`),
  ADD KEY `id_bandara_tujuan` (`id_bandara_tujuan`),
  ADD KEY `id_status` (`id_status`),
  ADD KEY `pemesanan_ibfk_6` (`id_user`);

--
-- Indexes for table `saldo`
--
ALTER TABLE `saldo`
  ADD PRIMARY KEY (`id_maskapai`,`id_user`),
  ADD KEY `id_user` (`id_user`);

--
-- Indexes for table `status_pemesanan`
--
ALTER TABLE `status_pemesanan`
  ADD PRIMARY KEY (`id_status`);

--
-- Indexes for table `user`
--
ALTER TABLE `user`
  ADD PRIMARY KEY (`id_user`);

--
-- AUTO_INCREMENT for dumped tables
--

--
-- AUTO_INCREMENT for table `bandara`
--
ALTER TABLE `bandara`
  MODIFY `id_bandara` int(11) NOT NULL AUTO_INCREMENT, AUTO_INCREMENT=11;
--
-- AUTO_INCREMENT for table `jenis_perubahan_saldo`
--
ALTER TABLE `jenis_perubahan_saldo`
  MODIFY `id_status` int(11) NOT NULL AUTO_INCREMENT, AUTO_INCREMENT=4;
--
-- AUTO_INCREMENT for table `log_perubahan_saldo`
--
ALTER TABLE `log_perubahan_saldo`
  MODIFY `id_perubahan_saldo` int(11) NOT NULL AUTO_INCREMENT, AUTO_INCREMENT=1110;
--
-- AUTO_INCREMENT for table `maskapai`
--
ALTER TABLE `maskapai`
  MODIFY `id_maskapai` int(11) NOT NULL AUTO_INCREMENT, AUTO_INCREMENT=7;
--
-- AUTO_INCREMENT for table `pelanggan`
--
ALTER TABLE `pelanggan`
  MODIFY `id_pelanggan` int(11) NOT NULL AUTO_INCREMENT, AUTO_INCREMENT=752;
--
-- AUTO_INCREMENT for table `pemesanan`
--
ALTER TABLE `pemesanan`
  MODIFY `id_pemesanan` int(11) NOT NULL AUTO_INCREMENT, AUTO_INCREMENT=1001;
--
-- AUTO_INCREMENT for table `status_pemesanan`
--
ALTER TABLE `status_pemesanan`
  MODIFY `id_status` int(11) NOT NULL AUTO_INCREMENT, AUTO_INCREMENT=3;
--
-- AUTO_INCREMENT for table `user`
--
ALTER TABLE `user`
  MODIFY `id_user` int(11) NOT NULL AUTO_INCREMENT, AUTO_INCREMENT=2;
--
-- Ketidakleluasaan untuk tabel pelimpahan (Dumped Tables)
--

--
-- Ketidakleluasaan untuk tabel `detail_perubahan_saldo`
--
ALTER TABLE `detail_perubahan_saldo`
  ADD CONSTRAINT `detail_perubahan_saldo_ibfk_1` FOREIGN KEY (`id_perubahan_saldo`) REFERENCES `log_perubahan_saldo` (`id_perubahan_saldo`) ON DELETE CASCADE ON UPDATE CASCADE,
  ADD CONSTRAINT `detail_perubahan_saldo_ibfk_2` FOREIGN KEY (`id_pemesanan`) REFERENCES `pemesanan` (`id_pemesanan`) ON DELETE CASCADE ON UPDATE CASCADE;

--
-- Ketidakleluasaan untuk tabel `log_perubahan_saldo`
--
ALTER TABLE `log_perubahan_saldo`
  ADD CONSTRAINT `log_perubahan_saldo_ibfk_1` FOREIGN KEY (`id_status`) REFERENCES `jenis_perubahan_saldo` (`id_status`) ON DELETE CASCADE ON UPDATE CASCADE,
  ADD CONSTRAINT `log_perubahan_saldo_ibfk_2` FOREIGN KEY (`id_maskapai`) REFERENCES `saldo` (`id_maskapai`) ON DELETE CASCADE ON UPDATE CASCADE,
  ADD CONSTRAINT `log_perubahan_saldo_ibfk_3` FOREIGN KEY (`id_user`) REFERENCES `saldo` (`id_user`) ON DELETE CASCADE ON UPDATE CASCADE;

--
-- Ketidakleluasaan untuk tabel `pembatalan`
--
ALTER TABLE `pembatalan`
  ADD CONSTRAINT `pembatalan_ibfk_1` FOREIGN KEY (`id_pesanan`) REFERENCES `pemesanan` (`id_pemesanan`) ON DELETE CASCADE ON UPDATE CASCADE;

--
-- Ketidakleluasaan untuk tabel `pemesanan`
--
ALTER TABLE `pemesanan`
  ADD CONSTRAINT `pemesanan_ibfk_1` FOREIGN KEY (`id_pelanggan`) REFERENCES `pelanggan` (`id_pelanggan`) ON DELETE CASCADE ON UPDATE CASCADE,
  ADD CONSTRAINT `pemesanan_ibfk_2` FOREIGN KEY (`id_maskapai`) REFERENCES `saldo` (`id_maskapai`) ON DELETE CASCADE ON UPDATE CASCADE,
  ADD CONSTRAINT `pemesanan_ibfk_3` FOREIGN KEY (`id_bandara_asal`) REFERENCES `bandara` (`id_bandara`) ON DELETE CASCADE ON UPDATE CASCADE,
  ADD CONSTRAINT `pemesanan_ibfk_4` FOREIGN KEY (`id_bandara_tujuan`) REFERENCES `bandara` (`id_bandara`) ON DELETE CASCADE ON UPDATE CASCADE,
  ADD CONSTRAINT `pemesanan_ibfk_5` FOREIGN KEY (`id_status`) REFERENCES `status_pemesanan` (`id_status`) ON DELETE CASCADE ON UPDATE CASCADE,
  ADD CONSTRAINT `pemesanan_ibfk_6` FOREIGN KEY (`id_user`) REFERENCES `saldo` (`id_user`) ON DELETE CASCADE ON UPDATE CASCADE;

--
-- Ketidakleluasaan untuk tabel `saldo`
--
ALTER TABLE `saldo`
  ADD CONSTRAINT `saldo_ibfk_1` FOREIGN KEY (`id_user`) REFERENCES `user` (`id_user`) ON DELETE CASCADE ON UPDATE CASCADE,
  ADD CONSTRAINT `saldo_ibfk_2` FOREIGN KEY (`id_maskapai`) REFERENCES `maskapai` (`id_maskapai`) ON DELETE CASCADE ON UPDATE CASCADE;
COMMIT;

/*!40101 SET CHARACTER_SET_CLIENT=@OLD_CHARACTER_SET_CLIENT */;
/*!40101 SET CHARACTER_SET_RESULTS=@OLD_CHARACTER_SET_RESULTS */;
/*!40101 SET COLLATION_CONNECTION=@OLD_COLLATION_CONNECTION */;
